Date,Country,"Gross domestic product, current prices","Inflation, average consumer prices",General government revenue,General government total expenditure,General government net debt,General government gross debt,,,,
31/12/2017,Afghanistan,"18,883,000,000",1.10998,0.27059,0.27732,,0.07998,,,,
31/12/2018,Afghanistan,"18,401,000,000",1.11693,0.3057,0.28936,,0.07384,,,,
31/12/2019,Afghanistan,"18,876,000,000",1.14264,0.26941,0.27999,,0.0613,,,,
31/12/2020,Afghanistan,"20,136,000,000",1.20671,0.25694,0.27937,,0.07397,,,,
31/12/2017,Albania,"13,053,000,000",1.03297,0.27756,0.29372,65.505,0.71895,,,,
31/12/2018,Albania,"15,157,000,000",1.05393,0.27485,0.28802,61.47,0.69466,,,,
31/12/2019,Albania,"15,399,000,000",1.0688,0.27209,0.29153,60.41,0.67285,,,,
31/12/2020,Albania,"15,161,000,000",1.08613,0.25905,0.32619,69.848,0.75927,,,,
31/12/2021,Albania,"18,314,000,000",1.10831,0.2703,0.31557,64.621,0.74206,,,,
31/12/2022,Albania,"17,942,000,000",1.16949,0.26872,0.31921,68.125,0.7407,,,,
31/12/2017,Algeria,"170,207,000,000",1.9397,0.3204,0.38581,21.237,0.26808,,,,
31/12/2018,Algeria,"175,372,000,000",2.02253,0.3338,0.37805,25.649,0.38256,,,,
31/12/2019,Algeria,"171,070,000,000",2.062,0.32316,0.37895,30.631,0.46208,,,,
31/12/2020,Algeria,"147,600,000,000",2.1118,0.30128,0.36868,43.253,0.51324,,,,
31/12/2021,Algeria,"164,564,000,000",2.2644,0.29573,0.33354,51.447,0.62455,,,,
31/12/2022,Algeria,"193,601,000,000",2.46053,0.30589,0.35597,51.25,0.56641,,,,
31/12/2017,Andorra,"2,993,000,000",1.00001,0.37973,0.34646,,0.37827,,,,
31/12/2018,Andorra,"3,217,000,000",1.01285,0.38476,0.35811,,0.36345,,,,
31/12/2019,Andorra,"3,155,000,000",1.02036,0.38016,0.35737,,0.35399,,,,
31/12/2020,Andorra,"2,885,000,000",1.02298,0.40371,0.43189,,0.46329,,,,
31/12/2021,Andorra,"3,330,000,000",1.04077,0.38934,0.39462,,0.48507,,,,
31/12/2022,Andorra,"3,400,000,000",1.07062,0.38865,0.37686,,0.44767,,,,
31/12/2017,Angola,"122,022,000,000",2.51795,0.17516,0.24103,,0.69323,,,,
31/12/2018,Angola,"101,353,000,000",3.01218,0.22866,0.20579,,0.92995,,,,
31/12/2019,Angola,"84,516,000,000",3.52664,0.21179,0.20403,,1.13554,,,,
31/12/2020,Angola,"58,254,000,000",4.31227,0.20937,0.22831,,1.36826,,,,
31/12/2021,Angola,"74,495,000,000",5.42334,0.22118,0.19294,,0.86266,,,,
31/12/2022,Angola,"124,862,000,000",6.72205,0.21345,0.18222,,0.57901,,,,
31/12/2017,Antigua and Barbuda,"1,468,000,000",0.98422,0.20737,0.23577,,0.92193,,,,
31/12/2018,Antigua and Barbuda,"1,606,000,000",0.99614,0.19815,0.22284,,0.877,,,,
31/12/2019,Antigua and Barbuda,"1,688,000,000",1.0104,0.18636,0.22619,,0.81251,,,,
31/12/2020,Antigua and Barbuda,"1,370,000,000",1.02109,0.20399,0.26761,,1.01477,,,,
31/12/2021,Antigua and Barbuda,"1,459,000,000",1.0377,0.21071,0.25382,,1.02234,,,,
31/12/2022,Antigua and Barbuda,"1,621,000,000",1.08314,0.22245,0.26111,,0.94805,,,,
31/12/2017,Argentina,"643,861,000,000",2.11473,0.34428,0.41121,,0.57028,,,,
31/12/2018,Argentina,"524,431,000,000",2.83959,0.33508,0.38949,,0.85246,,,,
31/12/2019,Argentina,"451,815,000,000",4.36015,0.33308,0.37703,,0.88835,,,,
31/12/2020,Argentina,"389,064,000,000",6.19207,0.33466,0.42092,,1.0279,,,,
31/12/2021,Argentina,"488,605,000,000",9.18961,0.33509,0.38086,,0.80617,,,,
31/12/2022,Argentina,"564,277,000,000",13.94,0.34081,0.37884,,0.74431,,,,
31/12/2017,Armenia,"11,527,000,000",2.07522,0.21242,0.26027,,0.53704,,,,
31/12/2018,Armenia,"12,458,000,000",2.12681,0.22298,0.2405,,0.51233,,,,
31/12/2019,Armenia,"13,619,000,000",2.15749,0.23925,0.24902,,0.50086,,,,
31/12/2020,Armenia,"12,641,000,000",2.18396,0.25247,0.30649,,0.63476,,,,
31/12/2021,Armenia,"13,928,000,000",2.34124,0.24114,0.28703,,0.60288,,,,
31/12/2022,Armenia,"14,047,000,000",2.51938,0.24456,0.28529,,0.63665,,,,
31/12/2017,Aruba,"3,092,000,000",1.16305,0.21971,0.24558,,0.75825,,,,
31/12/2018,Aruba,"3,202,000,000",1.20521,0.22632,0.24589,,0.75004,,,,
31/12/2019,Aruba,"3,310,000,000",1.25267,0.23961,0.23621,,0.72885,,,,
31/12/2020,Aruba,"2,497,000,000",1.23624,0.23969,0.40724,,1.15135,,,,
31/12/2021,Aruba,"3,023,000,000",1.24532,0.20165,0.30374,,1.056,,,,
31/12/2022,Aruba,"3,229,000,000",1.30311,0.20843,0.27227,,1.0549,,,,
31/12/2017,Australia,"1,381,990,000,000",1.112,0.35144,0.36862,23.302,0.4117,,,,
31/12/2018,Australia,"1,416,980,000,000",1.1335,0.35732,0.36991,24.105,0.41764,,,,
31/12/2019,Australia,"1,386,640,000,000",1.1515,0.34642,0.39021,27.954,0.46797,,,,
31/12/2020,Australia,"1,357,320,000,000",1.16175,0.3609,0.44674,34.567,0.57828,,,,
31/12/2021,Australia,"1,633,290,000,000",1.1945,0.35132,0.42837,35.679,0.59806,,,,
31/12/2022,Australia,"1,748,330,000,000",1.24154,0.3381,0.38969,37.473,0.60065,,,,
31/12/2017,Austria,"417,114,000,000",1.2543,0.48483,0.49299,55.92,0.78603,,,,
31/12/2018,Austria,"455,374,000,000",1.28089,0.48909,0.48739,50.718,0.74045,,,,
31/12/2019,Austria,"445,061,000,000",1.3,0.49176,0.48566,47.945,0.70563,,,,
31/12/2020,Austria,"432,912,000,000",1.3181,0.48749,0.5706,59.511,0.83213,,,,
31/12/2021,Austria,"477,400,000,000",1.3544,0.49758,0.55605,60.772,0.83061,,,,
31/12/2022,Austria,"479,815,000,000",1.43003,0.48795,0.52739,59.863,0.80746,,,,
31/12/2017,Azerbaijan,"41,375,000,000",2.43664,0.34229,0.35537,,0.22509,,,,
31/12/2018,Azerbaijan,"47,113,000,000",2.49352,0.38612,0.33078,,0.18685,,,,
31/12/2019,Azerbaijan,"48,174,000,000",2.56115,0.41475,0.32366,,0.17656,,,,
31/12/2020,Azerbaijan,"42,693,000,000",2.63348,0.3372,0.40242,,0.21327,,,,
31/12/2021,Azerbaijan,"54,622,000,000",2.80886,0.36504,0.32171,,0.26447,,,,
31/12/2022,Azerbaijan,"73,369,000,000",3.15435,0.47426,0.27316,,0.15901,,,,
31/12/2017,The Bahamas,"12,360,000,000",1.03065,0.16772,0.22026,,0.54142,,,,
31/12/2018,The Bahamas,"12,838,000,000",1.05402,0.16218,0.19513,,0.61723,,,,
31/12/2019,The Bahamas,"13,164,000,000",1.08028,0.18374,0.20035,,0.59615,,,,
31/12/2020,The Bahamas,"9,908,000,000",1.0807,0.18466,0.25677,,0.7507,,,,
31/12/2021,The Bahamas,"11,126,000,000",1.11576,0.19119,0.32746,,1.02808,,,,
31/12/2022,The Bahamas,"12,627,000,000",1.19745,0.20067,0.26753,,0.91253,,,,
31/12/2017,Bahrain,"35,474,000,000",0.96881,0.18151,0.32181,,0.88129,,,,
31/12/2018,Bahrain,"37,802,000,000",0.98907,0.21765,0.33568,,0.94607,,,,
31/12/2019,Bahrain,"38,653,000,000",0.99902,0.23717,0.32681,,1.01636,,,,
31/12/2020,Bahrain,"34,723,000,000",0.9758,0.17838,0.35698,,1.29734,,,,
31/12/2021,Bahrain,"38,869,000,000",0.96983,0.20947,0.32036,,1.2849,,,,
31/12/2022,Bahrain,"44,169,000,000",1.00378,0.25664,0.28944,,1.16547,,,,
31/12/2017,Bangladesh,"249,711,000,000",2.39817,0.09491,0.14393,,0.33378,,,,
31/12/2018,Bangladesh,"274,039,000,000",2.53685,0.10416,0.15188,,0.34562,,,,
31/12/2019,Bangladesh,"302,571,000,000",2.67573,0.09454,0.15732,,0.36138,,,,
31/12/2020,Bangladesh,"323,057,000,000",2.82685,0.098,0.15403,,0.39518,,,,
31/12/2021,Bangladesh,"357,099,000,000",2.98395,0.10913,0.15116,,0.41388,,,,
31/12/2022,Bangladesh,"396,543,000,000",3.16251,0.10988,0.17133,,0.42601,,,,
31/12/2017,Barbados,"4,978,000,000",1.77583,0.28613,0.32898,157.097,1.58264,,,,
31/12/2018,Barbados,"5,087,000,000",1.84133,0.29123,0.29421,124.837,1.25973,,,,
31/12/2019,Barbados,"5,298,000,000",1.91683,0.30685,0.26947,122.084,1.2322,,,,
31/12/2020,Barbados,"4,677,000,000",1.97208,0.29837,0.34581,145.424,1.46713,,,,
31/12/2021,Barbados,"4,871,000,000",2.03133,0.27597,0.32502,134.627,1.35782,,,,
31/12/2022,Barbados,"5,530,000,000",2.15314,0.28011,0.31363,120.028,1.21048,,,,
31/12/2017,Belarus,"54,723,000,000",7.43862,0.38706,0.39042,,0.5316,,,,
31/12/2018,Belarus,"60,011,000,000",7.80069,0.39649,0.37845,,0.47515,,,,
31/12/2019,Belarus,"64,414,000,000",8.23751,0.38263,0.37353,,0.40999,,,,
31/12/2020,Belarus,"61,312,000,000",8.69354,0.35175,0.38045,,0.47493,,,,
31/12/2021,Belarus,"68,208,000,000",9.51531,0.35383,0.37063,,0.41181,,,,
31/12/2022,Belarus,"59,394,000,000",10.71,0.33748,0.38115,,0.50978,,,,
31/12/2017,Belgium,"502,587,000,000",1.04033,0.51346,0.5203,88.309,1.02009,,,,
31/12/2018,Belgium,"543,520,000,000",1.06437,0.51397,0.52239,86.411,0.99858,,,,
31/12/2019,Belgium,"535,347,000,000",1.07766,0.49936,0.51844,84.776,0.97708,,,,
31/12/2020,Belgium,"521,445,000,000",1.08227,0.50116,0.59184,98.034,1.1277,,,,
31/12/2021,Belgium,"599,989,000,000",1.11714,0.49467,0.55503,94.973,1.08254,,,,
31/12/2022,Belgium,"609,887,000,000",1.20672,0.48995,0.54134,95.027,1.07473,,,,
31/12/2017,Belize,"1,845,000,000",0.99424,0.29709,0.33985,,0.95947,,,,
31/12/2018,Belize,"1,887,000,000",0.99723,0.30961,0.32616,,0.95746,,,,
31/12/2019,Belize,"1,945,000,000",0.99922,0.3015,0.33654,,0.96312,,,,
31/12/2020,Belize,"1,586,000,000",1,0.30485,0.39535,,1.33078,,,,
31/12/2021,Belize,"1,797,000,000",1.03239,0.3114,0.34387,,1.10985,,,,
31/12/2022,Belize,"1,991,000,000",1.08228,0.31572,0.33298,,1.01887,,,,
31/12/2017,Benin,"12,697,000,000",1.01182,0.13581,0.17785,,0.39598,,,,
31/12/2018,Benin,"14,257,000,000",1.02041,0.13591,0.16568,,0.4108,,,,
31/12/2019,Benin,"14,392,000,000",1.01089,0.14062,0.14601,,0.42523,,,,
31/12/2020,Benin,"15,674,000,000",1.04171,0.14367,0.19071,,0.46142,,,,
31/12/2021,Benin,"17,455,000,000",1.05942,0.1433,0.20133,,0.50617,,,,
31/12/2022,Benin,"18,387,000,000",1.10815,0.14193,0.18688,,0.49292,,,,
31/12/2017,Bhutan,"2,294,000,000",2.24933,0.28003,0.32824,,1.11724,,,,
31/12/2018,Bhutan,"2,509,000,000",2.33165,0.31882,0.33487,,1.13371,,,,
31/12/2019,Bhutan,"2,452,000,000",2.39741,0.24304,0.2589,,1.0649,,,,
31/12/2020,Bhutan,"2,416,000,000",2.4969,0.3119,0.33124,,1.31164,,,,
31/12/2021,Bhutan,"2,397,000,000",2.7004,0.33789,0.40095,,1.3494,,,,
31/12/2022,Bhutan,"2,653,000,000",2.914,0.28651,0.38836,,1.33454,,,,
31/12/2017,Bolivia,"37,782,000,000",0.99323,0.30774,0.38598,37.213,0.5126,,,,
31/12/2018,Bolivia,"40,581,000,000",1.01579,0.28951,0.37094,42.561,0.53076,,,,
31/12/2019,Bolivia,"41,193,000,000",1.03447,0.28845,0.36066,50.236,0.59257,,,,
31/12/2020,Bolivia,"36,897,000,000",1.04422,0.2526,0.37976,68.212,0.78129,,,,
31/12/2021,Bolivia,"39,756,000,000",1.05191,0.26684,0.35946,72.468,0.82571,,,,
31/12/2022,Bolivia,"41,032,000,000",1.08546,0.32297,0.39828,77.745,0.86113,,,,
31/12/2017,Bosnia and Herzegovina,"18,081,000,000",0.99213,0.42339,0.40525,29.106,0.37947,,,,
31/12/2018,Bosnia and Herzegovina,"20,184,000,000",1.00619,0.42681,0.41025,24.145,0.34271,,,,
31/12/2019,Bosnia and Herzegovina,"20,203,000,000",1.01182,0.41859,0.40472,20.951,0.32526,,,,
31/12/2020,Bosnia and Herzegovina,"19,951,000,000",1.00117,0.41276,0.45956,24.946,0.36533,,,,
31/12/2021,Bosnia and Herzegovina,"22,419,000,000",1.02117,0.42332,0.43045,22.564,0.36518,,,,
31/12/2022,Bosnia and Herzegovina,"23,358,000,000",1.08763,0.42016,0.42258,20.72,0.33989,,,,
31/12/2017,Botswana,"16,105,000,000",3.20632,0.33529,0.34672,-4.635,0.14531,,,,
31/12/2018,Botswana,"17,032,000,000",3.31023,0.3056,0.35591,-2.332,0.14856,,,,
31/12/2019,Botswana,"16,696,000,000",3.40109,0.28328,0.36861,2.994,0.16472,,,,
31/12/2020,Botswana,"14,930,000,000",3.46538,0.26044,0.37068,14.416,0.18975,,,,
31/12/2021,Botswana,"17,804,000,000",3.6968,0.30877,0.35621,17.545,0.21273,,,,
31/12/2022,Botswana,"18,426,000,000",4.02751,0.30631,0.33779,19.472,0.23177,,,,
31/12/2017,Brazil,"2,063,520,000,000","319,468,177,012.25",0.30454,0.38295,51.37,0.83632,,,,
31/12/2018,Brazil,"1,916,930,000,000","331,175,652,187.38",0.30674,0.37704,52.766,0.85642,,,,
31/12/2019,Brazil,"1,873,290,000,000","343,538,572,643.36",0.3149,0.3737,54.699,0.8787,,,,
31/12/2020,Brazil,"1,448,550,000,000","354,571,626,267.54",0.29535,0.42867,62.537,0.98682,,,,
31/12/2021,Brazil,"1,608,080,000,000","384,006,651,104.72",0.31525,0.35939,57.226,0.93013,,,,
31/12/2022,Brazil,"1,833,270,000,000","415,570,910,779.77",0.30875,0.38466,58.971,0.91888,,,,
31/12/2017,Brunei Darussalam,"12,128,000,000",0.98361,0.26182,0.36579,,0.02826,,,,
31/12/2018,Brunei Darussalam,"13,568,000,000",0.99397,0.28565,0.32152,,0.02586,,,,
31/12/2019,Brunei Darussalam,"13,470,000,000",0.98981,0.22784,0.32435,,0.02575,,,,
31/12/2020,Brunei Darussalam,"12,003,000,000",1.00899,0.17465,0.33205,,0.02857,,,,
31/12/2021,Brunei Darussalam,"19,915,000,000",1.02413,0.21247,0.22392,,0.01769,,,,
31/12/2022,Brunei Darussalam,"35,555,000,000",1.04461,0.32996,0.13717,,0.00989,,,,
31/12/2017,Bulgaria,"59,322,000,000",0.99848,0.32833,0.32011,10.337,0.22906,,,,
31/12/2018,Bulgaria,"66,428,000,000",1.02476,0.34434,0.34311,8.965,0.20066,,,,
31/12/2019,Bulgaria,"68,919,000,000",1.04994,0.34896,0.35853,8.404,0.18307,,,,
31/12/2020,Bulgaria,"69,995,000,000",1.06274,0.35037,0.37981,13.408,0.23304,,,,
31/12/2021,Bulgaria,"80,327,000,000",1.09295,0.37474,0.4042,13.684,0.23831,,,,
31/12/2022,Bulgaria,"89,533,000,000",1.21265,0.36645,0.39396,14.169,0.23135,,,,
31/12/2017,Burkina Faso,"14,102,000,000",1.03616,0.19332,0.26247,,0.33648,,,,
31/12/2018,Burkina Faso,"16,067,000,000",1.05643,0.19572,0.23964,,0.37979,,,,
31/12/2019,Burkina Faso,"15,991,000,000",1.02227,0.20087,0.23495,,0.42017,,,,
31/12/2020,Burkina Faso,"17,378,000,000",1.04153,0.19776,0.25472,,0.46541,,,,
31/12/2021,Burkina Faso,"19,095,000,000",1.08168,0.18965,0.24567,,0.50664,,,,
31/12/2022,Burkina Faso,"19,621,000,000",1.14658,0.18684,0.24736,,0.5339,,,,
31/12/2017,Burundi,"3,172,000,000",1.16303,0.19087,0.24093,,0.46902,,,,
31/12/2018,Burundi,"3,037,000,000",1.11675,0.1936,0.26019,,0.52971,,,,
31/12/2019,Burundi,"3,012,000,000",1.10883,0.22376,0.28771,,0.59988,,,,
31/12/2020,Burundi,"3,086,000,000",1.18983,0.22336,0.28921,,0.65965,,,,
31/12/2021,Burundi,"3,329,000,000",1.28875,0.23685,0.27541,,0.68592,,,,
31/12/2022,Burundi,"3,431,000,000",1.40789,0.31462,0.38887,,0.69168,,,,
31/12/2017,Cabo Verde,"1,770,000,000",0.98741,0.28599,0.31572,120.803,1.27217,,,,
31/12/2018,Cabo Verde,"1,967,000,000",1,0.2823,0.3088,117.857,1.25591,,,,
31/12/2019,Cabo Verde,"1,982,000,000",1.01106,0.294,0.31236,115.683,1.24922,,,,
31/12/2020,Cabo Verde,"1,707,000,000",1.01718,0.2653,0.35641,144.687,1.58816,,,,
31/12/2021,Cabo Verde,"1,947,000,000",1.03614,0.2417,0.32716,141.245,1.54091,,,,
31/12/2022,Cabo Verde,"1,997,000,000",1.05997,0.27987,0.35123,147.268,1.59196,,,,
31/12/2017,Cambodia,"22,208,000,000",1.6987,0.21581,0.22356,,0.29969,,,,
31/12/2018,Cambodia,"24,599,000,000",1.73925,0.23707,0.23046,,0.28458,,,,
31/12/2019,Cambodia,"27,088,000,000",1.77428,0.2678,0.23817,,0.28588,,,,
31/12/2020,Cambodia,"25,192,000,000",1.82645,0.24475,0.27954,,0.34267,,,,
31/12/2021,Cambodia,"26,187,000,000",1.88044,0.23389,0.29014,,0.38729,,,,
31/12/2022,Cambodia,"28,020,000,000",1.93763,0.23601,0.27696,,0.40861,,,,
31/12/2017,Cameroon,"36,086,000,000",2.46383,0.14503,0.19227,33.28,0.36539,,,,
31/12/2018,Cameroon,"39,992,000,000",2.49011,0.15545,0.17953,35.904,0.38335,,,,
31/12/2019,Cameroon,"39,673,000,000",2.55118,0.15421,0.18665,39.465,0.41597,,,,
31/12/2020,Cameroon,"40,863,000,000",2.61369,0.13392,0.1658,43.021,0.44852,,,,
31/12/2021,Cameroon,"45,049,000,000",2.67381,0.13818,0.16988,45.742,0.47143,,,,
31/12/2022,Cameroon,"45,713,000,000",2.75135,0.16111,0.17323,44.49,0.45158,,,,
31/12/2017,Canada,"1,649,270,000,000",1.30425,0.40343,0.40455,25.841,0.88853,,,,
31/12/2018,Canada,"1,725,300,000,000",1.33383,0.41022,0.40662,25.729,0.88852,,,,
31/12/2019,Canada,"1,742,020,000,000",1.35983,0.40658,0.40654,23.099,0.87157,,,,
31/12/2020,Canada,"1,645,420,000,000",1.36958,0.41647,0.53007,33.638,1.17755,,,,
31/12/2021,Canada,"1,990,760,000,000",1.41608,0.41013,0.4572,33.241,1.12057,,,,
31/12/2022,Canada,"2,221,220,000,000",1.49591,0.41244,0.43402,32.065,1.01809,,,,
31/12/2017,Central African Republic,"2,072,000,000",2.0055,0.128,0.13866,,0.50275,,,,
31/12/2018,Central African Republic,"2,279,000,000",2.03783,0.16637,0.17609,,0.50041,,,,
31/12/2019,Central African Republic,"2,278,000,000",2.09391,0.18339,0.16916,,0.47157,,,,
31/12/2020,Central African Republic,"2,388,000,000",2.11235,0.21755,0.25116,,0.43432,,,,
31/12/2021,Central African Republic,"2,583,000,000",2.20243,0.13666,0.19689,,0.47623,,,,
31/12/2022,Central African Republic,"2,645,000,000",2.29016,0.16537,0.19007,,0.46257,,,,
31/12/2017,Chad,"10,079,000,000",1.02192,0.14649,0.1488,,0.49131,,,,
31/12/2018,Chad,"11,042,000,000",1.06317,0.15277,0.13342,,0.4795,,,,
31/12/2019,Chad,"10,993,000,000",1.05283,0.14174,0.14346,,0.51107,,,,
31/12/2020,Chad,"10,728,000,000",1.09983,0.21152,0.19088,,0.52097,,,,
31/12/2021,Chad,"11,795,000,000",1.09133,0.16271,0.17087,,0.58158,,,,
31/12/2022,Chad,"12,938,000,000",1.13565,0.2257,0.16707,,0.46496,,,,
31/12/2017,Chile,"276,227,000,000",0.97739,0.22876,0.25505,4.424,0.23663,,,,
31/12/2018,Chile,"295,270,000,000",1.00006,0.24146,0.25629,5.743,0.25812,,,,
31/12/2019,Chile,"278,435,000,000",1.02257,0.23733,0.2646,7.982,0.28289,,,,
31/12/2020,Chile,"252,501,000,000",1.0537,0.2212,0.29272,13.389,0.3258,,,,
31/12/2021,Chile,"316,864,000,000",1.10136,0.25895,0.33417,19.979,0.36281,,,,
31/12/2022,Chile,"317,594,000,000",1.1838,0.25358,0.26848,20.621,0.3827,,,,
31/12/2017,China,"12,265,330,000,000",1.03592,0.29232,0.32635,,0.51733,,,,
31/12/2018,China,"13,841,810,000,000",1.05772,0.28993,0.33277,,0.53845,,,,
31/12/2019,China,"14,340,600,000,000",1.08843,0.28051,0.34153,,0.57244,,,,
31/12/2020,China,"14,862,560,000,000",1.11447,0.25685,0.36378,,0.68063,,,,
31/12/2021,China,"17,458,040,000,000",1.12397,0.27047,0.33041,,0.73254,,,,
31/12/2022,China,"19,911,590,000,000",1.14738,0.26005,0.33711,,0.7784,,,,
31/12/2017,Colombia,"311,890,000,000",0.95958,0.26825,0.2932,38.642,0.49436,,,,
31/12/2018,Colombia,"334,124,000,000",0.99065,0.2999,0.34658,43.064,0.53584,,,,
31/12/2019,Colombia,"323,055,000,000",1.02553,0.29397,0.32879,43.055,0.52401,,,,
31/12/2020,Colombia,"270,415,000,000",1.05142,0.26584,0.3356,54.611,0.65658,,,,
31/12/2021,Colombia,"314,268,000,000",1.08823,0.27671,0.34503,56.865,0.64618,,,,
31/12/2022,Colombia,"351,281,000,000",1.17197,0.298,0.34439,55.132,0.606,,,,
31/12/2017,Comoros,"1,077,000,000",1.66618,0.18752,0.18849,,0.17241,,,,
31/12/2018,Comoros,"1,179,000,000",1.69455,0.17821,0.19168,,0.16939,,,,
31/12/2019,Comoros,"1,188,000,000",1.75726,0.15844,0.20182,,0.19516,,,,
31/12/2020,Comoros,"1,218,000,000",1.77132,0.18251,0.18761,,0.22286,,,,
31/12/2021,Comoros,"1,295,000,000",1.79747,0.16965,0.19315,,0.25218,,,,
31/12/2022,Comoros,"1,310,000,000",1.8867,0.16406,0.21967,,0.30393,,,,
31/12/2017,Democratic Republic of the Congo,"37,981,000,000",38.25,0.11743,0.10387,,0.19189,,,,
31/12/2018,Democratic Republic of the Congo,"47,146,000,000",49.44,0.11091,0.11125,,0.15053,,,,
31/12/2019,Democratic Republic of the Congo,"50,399,000,000",51.77,0.10836,0.12843,,0.15003,,,,
31/12/2020,Democratic Republic of the Congo,"48,707,000,000",57.65,0.08952,0.10377,,0.15619,,,,
31/12/2021,Democratic Republic of the Congo,"57,090,000,000",62.83,0.13236,0.13247,,0.12656,,,,
31/12/2022,Democratic Republic of the Congo,"64,795,000,000",66.85,0.1305,0.16399,,0.1057,,,,
31/12/2017,Republic of Congo,"11,110,000,000",0.9886,0.22393,0.28325,,0.94224,,,,
31/12/2018,Republic of Congo,"13,649,000,000",1,0.24916,0.19261,,0.77134,,,,
31/12/2019,Republic of Congo,"12,791,000,000",1.004,0.26726,0.22023,,0.81696,,,,
31/12/2020,Republic of Congo,"10,329,000,000",1.01779,0.22243,0.23472,,1.10051,,,,
31/12/2021,Republic of Congo,"12,848,000,000",1.03783,0.23695,0.21669,,0.85809,,,,
31/12/2022,Republic of Congo,"15,951,000,000",1.06593,0.28947,0.17631,,0.64019,,,,
31/12/2017,Costa Rica,"60,517,000,000",0.94464,0.13278,0.19249,,0.47064,,,,
31/12/2018,Costa Rica,"62,422,000,000",0.96563,0.13235,0.18965,,0.51839,,,,
31/12/2019,Costa Rica,"64,412,000,000",0.98587,0.15002,0.21734,,0.56425,,,,
31/12/2020,Costa Rica,"62,144,000,000",0.99301,0.13966,0.22408,,0.67167,,,,
31/12/2021,Costa Rica,"64,276,000,000",1.01016,0.15853,0.20996,,0.68341,,,,
31/12/2022,Costa Rica,"65,314,000,000",1.06507,0.15006,0.19525,,0.69446,,,,
31/12/2017,Côte d'Ivoire,"51,588,000,000",1.02375,0.15101,0.18434,,0.33179,,,,
31/12/2018,Côte d'Ivoire,"58,011,000,000",1.03014,0.14785,0.17715,,0.35628,,,,
31/12/2019,Côte d'Ivoire,"58,539,000,000",1.03844,0.1504,0.17329,,0.38388,,,,
31/12/2020,Côte d'Ivoire,"61,437,000,000",1.06352,0.14979,0.20546,,0.47029,,,,
31/12/2021,Côte d'Ivoire,"69,753,000,000",1.10776,0.14481,0.20108,,0.51423,,,,
31/12/2022,Côte d'Ivoire,"73,047,000,000",1.16842,0.14988,0.19729,,0.51805,,,,
31/12/2017,Croatia,"56,214,000,000",0.99992,0.45515,0.44702,64.723,0.76518,,,,
31/12/2018,Croatia,"62,248,000,000",1.01492,0.45665,0.45436,61.486,0.73208,,,,
31/12/2017,Cyprus,"22,863,000,000",0.9945,0.38462,0.36474,78.621,0.92931,,,,
31/12/2018,Cyprus,"25,535,000,000",1.0023,0.39197,0.42692,52.494,0.98351,,,,
31/12/2019,Cyprus,"25,762,000,000",1.00781,0.39673,0.38376,46.822,0.91082,,,,
31/12/2020,Cyprus,"24,672,000,000",0.99674,0.39282,0.44984,56.204,1.14961,,,,
31/12/2017,Czech Republic,"218,629,000,000",1.03125,0.40481,0.3898,21.456,0.34235,,,,
31/12/2018,Czech Republic,"248,950,000,000",1.05342,0.41516,0.40603,19.621,0.32065,,,,
31/12/2019,Czech Republic,"252,498,000,000",1.08342,0.4137,0.41062,18.132,0.30049,,,,
31/12/2020,Czech Republic,"245,339,000,000",1.11767,0.41639,0.47224,23.634,0.37746,,,,
31/12/2021,Czech Republic,"282,641,000,000",1.16058,0.4089,0.47022,28.341,0.41847,,,,
31/12/2022,Czech Republic,"296,238,000,000",1.26462,0.41535,0.45078,29.848,0.43348,,,,
31/12/2017,Denmark,"332,121,000,000",1.01075,0.52336,0.5055,15.812,0.35893,,,,
31/12/2018,Denmark,"356,841,000,000",1.01792,0.51309,0.50548,13.36,0.34,,,,
31/12/2019,Denmark,"347,561,000,000",1.02533,0.53581,0.49517,12.278,0.33567,,,,
31/12/2020,Denmark,"356,085,000,000",1.02875,0.53251,0.53434,14.805,0.42103,,,,
31/12/2021,Denmark,"395,710,000,000",1.04875,0.5247,0.52771,14.164,0.37313,,,,
31/12/2022,Denmark,"399,100,000,000",1.0886,0.50889,0.50111,12.591,0.33681,,,,
31/12/2017,Djibouti,"2,767,000,000",1.04816,0.23618,0.28123,46.049,0.47916,,,,
31/12/2018,Djibouti,"3,013,000,000",1.04971,0.23146,0.25928,45.523,0.46508,,,,
31/12/2019,Djibouti,"3,317,000,000",1.08455,0.21868,0.22722,38.949,0.39144,,,,
31/12/2020,Djibouti,"3,410,000,000",1.10383,0.21876,0.23491,39.891,0.41038,,,,
31/12/2021,Djibouti,"3,589,000,000",1.11691,0.20233,0.22142,43.075,0.43183,,,,
31/12/2022,Djibouti,"3,836,000,000",1.15906,0.18173,0.22146,49.103,0.49177,,,,
31/12/2017,Dominica,"540,000,000",1.02693,0.4944,0.52623,,0.81902,,,,
31/12/2018,Dominica,"564,000,000",1.03709,0.44217,0.62688,,0.8463,,,,
31/12/2019,Dominica,"616,000,000",1.0527,0.38133,0.46448,,0.94227,,,,
31/12/2020,Dominica,"544,000,000",1.04504,0.56341,0.63657,,1.0733,,,,
31/12/2021,Dominica,"567,000,000",1.05045,0.50993,0.59965,,1.01899,,,,
31/12/2022,Dominica,"635,000,000",1.10255,0.47341,0.48739,,0.99685,,,,
31/12/2017,Dominican Republic,"80,082,000,000",0.92073,0.13977,0.17064,40.303,0.48906,,,,
31/12/2018,Dominican Republic,"85,630,000,000",0.95355,0.14191,0.16352,41.419,0.50465,,,,
31/12/2019,Dominican Republic,"89,032,000,000",0.97081,0.14396,0.16591,43.391,0.53579,,,,
31/12/2020,Dominican Republic,"78,923,000,000",1.00752,0.14187,0.22092,57.488,0.71533,,,,
31/12/2021,Dominican Republic,"94,714,000,000",1.09056,0.15556,0.18479,49.262,0.63004,,,,
31/12/2022,Dominican Republic,"109,080,000,000",1.18168,0.14574,0.17292,45.833,0.59368,,,,
31/12/2017,Ecuador,"104,296,000,000",1.05442,0.3205,0.36511,,0.4703,,,,
31/12/2018,Ecuador,"107,562,000,000",1.05206,0.35598,0.37653,,0.49087,,,,
31/12/2019,Ecuador,"108,108,000,000",1.05486,0.3366,0.36402,,0.51411,,,,
31/12/2020,Ecuador,"99,291,000,000",1.05129,0.29618,0.3573,,0.6089,,,,
31/12/2021,Ecuador,"106,166,000,000",1.05269,0.34024,0.355,,0.62237,,,,
31/12/2017,Egypt,"236,528,000,000",0.72658,0.21761,0.3219,91.255,1.0304,,,,
31/12/2018,Egypt,"250,253,000,000",0.87808,0.2067,0.30107,84.81,0.92484,,,,
31/12/2019,Egypt,"302,335,000,000",0.99992,0.20296,0.28282,78.485,0.84214,,,,
31/12/2020,Egypt,"364,023,000,000",1.05692,0.19153,0.27001,83.787,0.89647,,,,
31/12/2021,Egypt,"402,838,000,000",1.1045,0.19966,0.27274,88.58,0.93498,,,,
31/12/2022,Egypt,"435,621,000,000",1.18736,0.21395,0.28234,89.066,0.93984,,,,
31/12/2017,El Salvador,"24,979,000,000",1.1115,0.25235,0.27763,,0.70526,,,,
31/12/2018,El Salvador,"26,021,000,000",1.12359,0.24557,0.27263,,0.70354,,,,
31/12/2019,El Salvador,"26,897,000,000",1.12443,0.24124,0.27192,,0.71289,,,,
31/12/2020,El Salvador,"24,639,000,000",1.12027,0.24525,0.32715,,0.89164,,,,
31/12/2021,El Salvador,"28,326,000,000",1.15912,0.2638,0.3205,,0.83587,,,,
31/12/2022,El Salvador,"30,720,000,000",1.21965,0.26372,0.31993,,0.82561,,,,
31/12/2017,Equatorial Guinea,"12,201,000,000",1.3496,0.1748,0.2007,30.697,0.36235,,,,
31/12/2018,Equatorial Guinea,"13,097,000,000",1.36776,0.19884,0.19353,29.87,0.41207,,,,
31/12/2019,Equatorial Guinea,"11,417,000,000",1.38436,0.18536,0.16721,31.689,0.42989,,,,
31/12/2020,Equatorial Guinea,"10,022,000,000",1.45078,0.14211,0.15959,37.901,0.48755,,,,
31/12/2021,Equatorial Guinea,"12,701,000,000",1.44942,0.14257,0.12561,28.497,0.39932,,,,
31/12/2022,Equatorial Guinea,"16,335,000,000",1.50739,0.16354,0.12818,18.334,0.27826,,,,
31/12/2017,Eritrea,"1,904,000,000",7.14218,0.36755,0.42792,,2.02536,,,,
31/12/2018,Eritrea,"2,006,000,000",6.11366,0.31581,0.27369,,1.85607,,,,
31/12/2019,Eritrea,"1,982,000,000",5.11314,0.33973,0.33359,,1.87087,,,,
31/12/2020,Eritrea,"2,083,000,000",5.36071,0.31541,0.35958,,1.82166,,,,
31/12/2021,Eritrea,"2,271,000,000",5.60197,0.32483,0.36462,,1.70824,,,,
31/12/2022,Eritrea,"2,568,000,000",5.94858,0.34267,0.35279,,1.51858,,,,
31/12/2017,Estonia,"26,915,000,000",1.0448,0.38498,0.39236,-1.818,0.09122,,,,
31/12/2018,Estonia,"30,503,000,000",1.08045,0.38891,0.39447,-1.784,0.0824,,,,
31/12/2019,Estonia,"31,049,000,000",1.10496,0.39556,0.39434,-2.197,0.08558,,,,
31/12/2020,Estonia,"30,626,000,000",1.09795,0.40289,0.45885,3.048,0.18996,,,,
31/12/2021,Estonia,"36,287,000,000",1.14722,0.40401,0.42755,4.559,0.18052,,,,
31/12/2022,Estonia,"37,202,000,000",1.28374,0.39474,0.43238,8.488,0.20881,,,,
31/12/2017,Eswatini,"4,407,000,000",3.12372,0.28229,0.35077,20.815,0.27628,,,,
31/12/2018,Eswatini,"4,666,000,000",3.27413,0.25067,0.34605,26.634,0.33862,,,,
31/12/2019,Eswatini,"4,495,000,000",3.35919,0.27308,0.34261,32.983,0.39629,,,,
31/12/2020,Eswatini,"3,974,000,000",3.48925,0.28682,0.34058,35.592,0.42109,,,,
31/12/2021,Eswatini,"4,681,000,000",3.61901,0.25496,0.31204,35.556,0.42767,,,,
31/12/2022,Eswatini,"4,646,000,000",3.79269,0.25174,0.30933,38.63,0.45576,,,,
31/12/2017,Ethiopia,"76,841,000,000",1.10687,0.14743,0.17987,51.34,0.55278,,,,
31/12/2018,Ethiopia,"80,207,000,000",1.25999,0.1307,0.16099,54.798,0.58449,,,,
31/12/2019,Ethiopia,"92,608,000,000",1.45918,0.12819,0.15353,50.666,0.54699,,,,
31/12/2020,Ethiopia,"96,611,000,000",1.75618,0.11705,0.14469,50.082,0.53697,,,,
31/12/2021,Ethiopia,"99,269,000,000",2.22642,0.11031,0.13798,49.624,0.5295,,,,
31/12/2022,Ethiopia,"105,325,000,000",2.99403,0.10494,0.14494,45.917,0.4832,,,,
31/12/2017,Fiji,"5,353,000,000",1.16419,0.26019,0.28114,42.993,0.43427,,,,
31/12/2018,Fiji,"5,581,000,000",1.21171,0.28102,0.32478,45.31,0.45767,,,,
31/12/2019,Fiji,"5,496,000,000",1.23319,0.26648,0.30223,48.195,0.48682,,,,
31/12/2020,Fiji,"4,574,000,000",1.20119,0.23041,0.30939,61.423,0.62043,,,,
31/12/2021,Fiji,"4,657,000,000",1.20307,0.1952,0.32404,78.389,0.79181,,,,
31/12/2022,Fiji,"5,172,000,000",1.2512,0.20496,0.33811,86.266,0.87137,,,,
31/12/2017,Finland,"255,558,000,000",1.01232,0.52979,0.53633,21.819,0.61167,,,,
31/12/2018,Finland,"275,840,000,000",1.02415,0.52468,0.53321,24.448,0.59779,,,,
31/12/2019,Finland,"268,538,000,000",1.03579,0.52345,0.53284,26.981,0.59594,,,,
31/12/2020,Finland,"271,619,000,000",1.03976,0.51468,0.56892,33.296,0.68986,,,,
31/12/2021,Finland,"298,868,000,000",1.06124,0.52606,0.55359,34.134,0.66691,,,,
31/12/2022,Finland,"297,617,000,000",1.10205,0.51463,0.53935,35.125,0.67069,,,,
31/12/2017,France,"2,589,030,000,000",1.01473,0.53545,0.56503,89.377,0.98131,,,,
31/12/2018,France,"2,789,680,000,000",1.03603,0.53356,0.55645,89.239,0.97783,,,,
31/12/2019,France,"2,730,110,000,000",1.04947,0.52262,0.55332,88.84,0.97414,,,,
31/12/2020,France,"2,621,960,000,000",1.05498,0.52633,0.61716,102.629,1.15152,,,,
31/12/2021,France,"2,935,490,000,000",1.07676,0.52814,0.59863,99.809,1.12331,,,,
31/12/2022,France,"2,936,700,000,000",1.12064,0.51364,0.57012,100.058,1.12581,,,,
31/12/2017,Gabon,"14,924,000,000",1.28734,0.16414,0.18114,,0.62886,,,,
31/12/2018,Gabon,"16,875,000,000",1.34884,0.16873,0.17084,,0.60914,,,,
31/12/2019,Gabon,"16,875,000,000",1.37611,0.19534,0.17407,,0.59778,,,,
31/12/2020,Gabon,"15,339,000,000",1.39456,0.17615,0.19807,,0.77317,,,,
31/12/2021,Gabon,"19,161,000,000",1.4096,0.15563,0.17054,,0.69507,,,,
31/12/2022,Gabon,"22,456,000,000",1.45048,0.17024,0.1544,,0.57441,,,,
31/12/2017,The Gambia,"1,498,000,000",4.52106,0.19273,0.23622,,0.86979,,,,
31/12/2018,The Gambia,"1,662,000,000",4.81587,0.15085,0.20823,,0.83596,,,,
31/12/2019,The Gambia,"1,806,000,000",5.15856,0.21189,0.23737,,0.82967,,,,
31/12/2020,The Gambia,"1,828,000,000",5.46453,0.2275,0.24904,,0.85032,,,,
31/12/2021,The Gambia,"2,025,000,000",5.86728,0.17166,0.21614,,0.82997,,,,
31/12/2022,The Gambia,"2,166,000,000",6.33868,0.19902,0.24252,,0.80355,,,,
31/12/2017,Georgia,"16,242,000,000",1.24181,0.27111,0.27596,,0.39446,,,,
31/12/2018,Georgia,"17,599,000,000",1.27429,0.2637,0.27187,,0.38886,,,,
31/12/2019,Georgia,"17,477,000,000",1.33613,0.27105,0.28947,,0.40434,,,,
31/12/2020,Georgia,"15,846,000,000",1.40564,0.25213,0.34468,,0.6019,,,,
31/12/2021,Georgia,"18,696,000,000",1.54012,0.25423,0.31444,,0.49495,,,,
31/12/2022,Georgia,"20,889,000,000",1.69183,0.25331,0.29203,,0.50327,,,,
31/12/2017,Germany,"3,689,550,000,000",1.02067,0.45511,0.44175,45.434,0.64658,,,,
31/12/2018,Germany,"3,979,090,000,000",1.04042,0.46239,0.44325,42.632,0.61271,,,,
31/12/2019,Germany,"3,888,760,000,000",1.0545,0.46462,0.44991,40.457,0.58925,,,,
31/12/2020,Germany,"3,843,340,000,000",1.05842,0.46529,0.50842,46.291,0.68724,,,,
31/12/2021,Germany,"4,225,920,000,000",1.09242,0.47772,0.51482,49.048,0.70206,,,,
31/12/2022,Germany,"4,256,540,000,000",1.15211,0.47212,0.50546,51.091,0.70871,,,,
31/12/2017,Ghana,"60,385,000,000",1.99323,0.13616,0.17582,51.872,0.56984,,,,
31/12/2018,Ghana,"67,259,000,000",2.18931,0.14104,0.20895,60.709,0.61976,,,,
31/12/2019,Ghana,"68,353,000,000",2.34571,0.13863,0.21148,58.968,0.62694,,,,
31/12/2020,Ghana,"68,498,000,000",2.57758,0.13334,0.28962,74.103,0.78303,,,,
31/12/2021,Ghana,"76,359,000,000",2.83471,0.14675,0.26304,76.811,0.81806,,,,
31/12/2022,Ghana,"73,894,000,000",3.29623,0.16533,0.25242,79.576,0.84571,,,,
31/12/2017,Greece,"199,773,000,000",1.19922,0.49408,0.48496,,1.8268,,,,
31/12/2018,Greece,"212,146,000,000",1.20851,0.49305,0.48499,,1.90147,,,,
31/12/2019,Greece,"205,166,000,000",1.21476,0.48024,0.47816,,1.85082,,,,
31/12/2020,Greece,"188,684,000,000",1.19943,0.48932,0.59804,,2.11897,,,,
31/12/2021,Greece,"216,384,000,000",1.20632,0.49122,0.57867,,1.98933,,,,
31/12/2022,Greece,"222,770,000,000",1.26079,0.48289,0.53069,,1.85407,,,,
31/12/2017,Grenada,"1,126,000,000",1.10368,0.25604,0.22589,,0.70403,,,,
31/12/2018,Grenada,"1,167,000,000",1.11257,0.26959,0.22369,,0.60773,,,,
31/12/2019,Grenada,"1,213,000,000",1.11923,0.26612,0.21643,,0.58555,,,,
31/12/2020,Grenada,"1,043,000,000",1.11093,0.28137,0.26932,,0.71408,,,,
31/12/2021,Grenada,"1,115,000,000",1.12449,0.31783,0.31455,,0.70316,,,,
31/12/2022,Grenada,"1,192,000,000",1.17446,0.28979,0.32417,,0.6904,,,,
31/12/2017,Guatemala,"71,624,000,000",1.30358,0.11393,0.12778,,0.25093,,,,
31/12/2018,Guatemala,"73,212,000,000",1.35248,0.11325,0.13209,,0.26473,,,,
31/12/2019,Guatemala,"77,004,000,000",1.40253,0.11227,0.13468,,0.26484,,,,
31/12/2020,Guatemala,"77,603,000,000",1.44761,0.10691,0.15608,,0.31525,,,,
31/12/2021,Guatemala,"85,715,000,000",1.50929,0.12395,0.13584,,0.30868,,,,
31/12/2022,Guatemala,"91,019,000,000",1.57536,0.12299,0.14657,,0.30591,,,,
31/12/2017,Guinea,"10,325,000,000",15.45,0.15284,0.17346,,0.41884,,,,
31/12/2018,Guinea,"11,857,000,000",16.97,0.14942,0.16034,,0.39267,,,,
31/12/2019,Guinea,"13,514,000,000",18.58,0.14424,0.149,,0.38373,,,,
31/12/2020,Guinea,"15,294,000,000",20.55,0.12892,0.15781,,0.44027,,,,
31/12/2021,Guinea,"17,611,000,000",23.14,0.12585,0.14077,,0.39262,,,,
31/12/2022,Guinea,"20,952,000,000",26.07,0.12588,0.16942,,0.39077,,,,
31/12/2017,Guinea-Bissau,"1,469,000,000",1.04023,0.16788,0.18108,,0.50661,,,,
31/12/2018,Guinea-Bissau,"1,506,000,000",1.0442,0.15191,0.20111,,0.5982,,,,
31/12/2019,Guinea-Bissau,"1,440,000,000",1.04718,0.15422,0.19409,,0.66455,,,,
31/12/2020,Guinea-Bissau,"1,475,000,000",1.06251,0.15898,0.2585,,0.79353,,,,
31/12/2021,Guinea-Bissau,"1,629,000,000",1.09707,0.19837,0.25726,,0.80691,,,,
31/12/2022,Guinea-Bissau,"1,656,000,000",1.14091,0.17809,0.2194,,0.79674,,,,
31/12/2017,Guyana,"4,748,000,000",1.14729,0.23169,0.26451,39.536,0.42894,,,,
31/12/2018,Guyana,"4,788,000,000",1.16189,0.25035,0.27805,42.269,0.47033,,,,
31/12/2019,Guyana,"5,174,000,000",1.18619,0.2561,0.28366,40.757,0.43562,,,,
31/12/2020,Guyana,"5,471,000,000",1.19476,0.22763,0.30706,48.219,0.51082,,,,
31/12/2021,Guyana,"7,612,000,000",1.25575,0.18793,0.2618,38.841,0.4374,,,,
31/12/2022,Guyana,"13,543,000,000",1.32384,0.16645,0.16516,23.264,0.25264,,,,
31/12/2017,Haiti,"15,036,000,000",0.89754,0.0992,0.09771,,0.18958,,,,
31/12/2018,Haiti,"16,454,000,000",1,0.10136,0.11145,,0.21553,,,,
31/12/2019,Haiti,"14,787,000,000",1.17308,0.08012,0.10125,,0.25794,,,,
31/12/2020,Haiti,"14,508,000,000",1.44225,0.07485,0.09881,,0.21346,,,,
31/12/2021,Haiti,"21,017,000,000",1.67216,0.08308,0.10838,,0.24226,,,,
31/12/2022,Haiti,"20,168,000,000",2.09843,0.08801,0.09943,,0.22505,,,,
31/12/2017,Honduras,"23,136,000,000",3.04017,0.2645,0.26858,,0.38853,,,,
31/12/2018,Honduras,"24,068,000,000",3.17236,0.26353,0.26156,,0.39711,,,,
31/12/2019,Honduras,"25,090,000,000",3.31083,0.25813,0.25724,,0.42623,,,,
31/12/2020,Honduras,"23,828,000,000",3.42567,0.23352,0.28001,,0.50972,,,,
31/12/2021,Honduras,"28,221,000,000",3.57917,0.25022,0.27774,,0.48186,,,,
31/12/2022,Honduras,"30,116,000,000",3.79555,0.25572,0.27645,,0.47596,,,,
31/12/2017,Hong Kong SAR,"341,271,000,000",0.9455,0.22852,0.1736,,0.00055,,,,
31/12/2018,Hong Kong SAR,"361,731,000,000",0.96825,0.20742,0.18392,,0.00052,,,,
31/12/2019,Hong Kong SAR,"363,052,000,000",0.99617,0.20368,0.20951,,0.00267,,,,
31/12/2020,Hong Kong SAR,"344,879,000,000",0.99867,0.2068,0.29911,,0.00998,,,,
31/12/2021,Hong Kong SAR,"368,137,000,000",1.01433,0.23799,0.23965,,0.02136,,,,
31/12/2022,Hong Kong SAR,"369,486,000,000",1.03361,0.24322,0.27508,,0.03316,,,,
31/12/2017,Hungary,"143,136,000,000",1.14536,0.44012,0.4644,65.124,0.72075,,,,
31/12/2018,Hungary,"160,587,000,000",1.17799,0.43748,0.45842,62.1,0.6905,,,,
31/12/2019,Hungary,"163,517,000,000",1.21771,0.43629,0.45707,58.528,0.65479,,,,
31/12/2020,Hungary,"155,808,000,000",1.25812,0.43291,0.51355,73.085,0.80036,,,,
31/12/2021,Hungary,"184,577,000,000",1.32254,0.40249,0.47019,71.158,0.78109,,,,
31/12/2022,Hungary,"197,813,000,000",1.45941,0.41144,0.46585,68.984,0.75935,,,,
31/12/2017,Iceland,"24,728,000,000",1.5688,0.45364,0.44409,60.19,0.71638,,,,
31/12/2018,Iceland,"26,264,000,000",1.61094,0.44755,0.43843,50.653,0.63141,,,,
31/12/2019,Iceland,"24,820,000,000",1.6594,0.41862,0.43386,54.097,0.66246,,,,
31/12/2020,Iceland,"21,625,000,000",1.70672,0.42056,0.50731,60.757,0.77408,,,,
31/12/2021,Iceland,"25,459,000,000",1.78267,0.40418,0.49335,59.878,0.75018,,,,
31/12/2022,Iceland,"27,865,000,000",1.90565,0.41911,0.46972,55.64,0.68822,,,,
31/12/2017,India,"2,651,470,000,000",1.43259,0.20004,0.26232,,0.69677,,,,
31/12/2018,India,"2,702,930,000,000",1.48171,0.19952,0.26328,,0.70392,,,,
31/12/2019,India,"2,831,550,000,000",1.55227,0.19929,0.27423,,0.75105,,,,
31/12/2020,India,"2,667,690,000,000",1.64812,0.18295,0.31052,,0.90056,,,,
31/12/2021,India,"3,177,920,000,000",1.73905,0.19741,0.30092,,0.86758,,,,
31/12/2022,India,"3,534,740,000,000",1.84484,0.18899,0.28843,,0.86902,,,,
31/12/2017,Indonesia,"1,015,490,000,000",0.96813,0.14053,0.16562,25.285,0.29396,,,,
31/12/2018,Indonesia,"1,042,710,000,000",0.99999,0.14881,0.16631,26.658,0.30423,,,,
31/12/2019,Indonesia,"1,120,050,000,000",1.02819,0.14154,0.16383,27.035,0.30563,,,,
31/12/2020,Indonesia,"1,059,900,000,000",1.04909,0.12465,0.18604,36.143,0.39761,,,,
31/12/2021,Indonesia,"1,186,070,000,000",1.06546,0.13594,0.18212,39.537,0.42828,,,,
31/12/2022,Indonesia,"1,289,300,000,000",1.10051,0.13527,0.17498,39.694,0.42707,,,,
31/12/2017,Islamic Republic of Iran,"486,829,000,000",1.0965,0.15504,0.17118,32.95,0.45044,,,,
31/12/2018,Islamic Republic of Iran,"513,417,000,000",1.4279,0.13685,0.15333,29.298,0.40777,,,,
31/12/2019,Islamic Republic of Iran,"655,791,000,000",1.92229,0.09258,0.1376,32.735,0.42424,,,,
31/12/2020,Islamic Republic of Iran,"938,052,000,000",2.62281,0.07936,0.13029,37.416,0.45642,,,,
31/12/2021,Islamic Republic of Iran,"1,426,300,000,000",3.6754,0.08173,0.12713,41.455,0.48342,,,,
31/12/2022,Islamic Republic of Iran,"1,739,010,000,000",4.86414,0.08863,0.12813,33.955,0.40275,,,,
31/12/2017,Iraq,"192,343,000,000",1.22578,0.33569,0.35071,,0.59061,,,,
31/12/2018,Iraq,"226,870,000,000",1.23028,0.39379,0.31581,,0.4783,,,,
31/12/2019,Iraq,"233,953,000,000",1.22784,0.35898,0.35054,,0.45138,,,,
31/12/2020,Iraq,"169,488,000,000",1.23489,0.31297,0.44109,,0.84211,,,,
31/12/2021,Iraq,"209,507,000,000",1.3095,0.41206,0.3931,,0.59352,,,,
31/12/2022,Iraq,"297,341,000,000",1.39973,0.50332,0.38481,,0.35042,,,,
31/12/2017,Ireland,"335,312,000,000",1.00058,0.25907,0.26203,58.948,0.67785,,,,
31/12/2018,Ireland,"385,215,000,000",1.00775,0.25479,0.2533,54.337,0.63136,,,,
31/12/2019,Ireland,"399,165,000,000",1.01642,0.24713,0.24202,48.977,0.57215,,,,
31/12/2020,Ireland,"425,549,000,000",1.01183,0.22425,0.27364,52.365,0.58434,,,,
31/12/2021,Ireland,"498,891,000,000",1.03617,0.22845,0.24856,49.857,0.55265,,,,
31/12/2022,Ireland,"516,146,000,000",1.09485,0.22096,0.23537,48.348,0.53283,,,,
31/12/2017,Israel,"355,277,000,000",0.989,0.37473,0.386,57.5,0.60162,,,,
31/12/2018,Israel,"373,641,000,000",0.99708,0.35811,0.39434,58.1,0.60358,,,,
31/12/2019,Israel,"397,935,000,000",1.0055,0.35019,0.38914,57.9,0.59504,,,,
31/12/2020,Israel,"407,101,000,000",0.99958,0.34527,0.45352,68.4,0.71672,,,,
31/12/2021,Israel,"481,591,000,000",1.0145,0.37115,0.41354,65.983,0.6893,,,,
31/12/2022,Israel,"520,703,000,000",1.05031,0.35057,0.38406,64.371,0.67096,,,,
31/12/2017,Italy,"1,961,100,000,000",1.01267,0.46344,0.48763,121.29,1.34161,,,,
31/12/2018,Italy,"2,092,880,000,000",1.02525,0.46208,0.48394,121.823,1.34442,,,,
31/12/2019,Italy,"2,011,510,000,000",1.03175,0.46933,0.48473,121.698,1.34139,,,,
31/12/2020,Italy,"1,891,060,000,000",1.03025,0.474,0.56997,141.823,1.55313,,,,
31/12/2021,Italy,"2,101,280,000,000",1.05025,0.48274,0.55449,138.269,1.50859,,,,
31/12/2022,Italy,"2,058,330,000,000",1.10588,0.48329,0.5431,138.466,1.50568,,,,
31/12/2017,Jamaica,"14,755,000,000",0.92768,0.29079,0.28626,,1.01225,,,,
31/12/2018,Jamaica,"15,648,000,000",0.96237,0.30627,0.29445,,0.94386,,,,
31/12/2019,Jamaica,"15,808,000,000",1,0.30633,0.29718,,0.9426,,,,
31/12/2020,Jamaica,"13,967,000,000",1.0521,0.2909,0.32149,,1.08068,,,,
31/12/2021,Jamaica,"15,141,000,000",1.11417,0.30312,0.30047,,0.91501,,,,
31/12/2022,Jamaica,"15,721,000,000",1.20895,0.28448,0.28178,,0.8373,,,,
31/12/2017,Japan,"4,930,840,000,000",0.98579,0.33587,0.36686,148.109,2.31416,,,,
31/12/2018,Japan,"5,037,830,000,000",0.99554,0.34288,0.3676,151.129,2.32466,,,,
31/12/2019,Japan,"5,123,320,000,000",1.0002,0.34213,0.37244,151.372,2.36139,,,,
31/12/2020,Japan,"5,040,110,000,000",0.99994,0.35569,0.44521,162.374,2.58996,,,,
31/12/2021,Japan,"4,937,420,000,000",0.99738,0.35548,0.43165,168.868,2.63141,,,,
31/12/2022,Japan,"4,912,150,000,000",1.00719,0.3501,0.4284,172.135,2.62544,,,,
31/12/2017,Jordan,"41,467,000,000",0.95739,0.25252,0.28836,73.61,0.76022,,,,
31/12/2018,Jordan,"42,993,000,000",1,0.25719,0.30379,73.948,0.75061,,,,
31/12/2019,Jordan,"44,566,000,000",1.00678,0.24297,0.3031,77.287,0.78015,,,,
31/12/2020,Jordan,"43,759,000,000",1.01077,0.22655,0.31245,87.881,0.87978,,,,
31/12/2021,Jordan,"45,354,000,000",1.02411,0.25277,0.33219,91.709,0.91803,,,,
31/12/2022,Jordan,"47,745,000,000",1.05282,0.25865,0.32319,91.454,0.91543,,,,
31/12/2017,Kazakhstan,"166,806,000,000",3.83718,0.19822,0.24088,-15.781,0.19869,,,,
31/12/2018,Kazakhstan,"179,340,000,000",4.06837,0.21426,0.18847,-15.78,0.20259,,,,
31/12/2019,Kazakhstan,"181,667,000,000",4.2817,0.19679,0.20248,-13.909,0.19944,,,,
31/12/2020,Kazakhstan,"171,082,000,000",4.5728,0.17509,0.24546,-8.624,0.26357,,,,
31/12/2021,Kazakhstan,"190,814,000,000",4.93871,0.18702,0.22798,-3.456,0.25929,,,,
31/12/2022,Kazakhstan,"193,611,000,000",5.3601,0.21705,0.22184,-4.854,0.27616,,,,
31/12/2017,Kenya,"81,964,000,000",3.38794,0.17802,0.25169,48.059,0.53866,,,,
31/12/2018,Kenya,"92,211,000,000",3.54683,0.17543,0.24452,50.784,0.56449,,,,
31/12/2019,Kenya,"100,504,000,000",3.73139,0.1697,0.24357,54.054,0.586,,,,
31/12/2020,Kenya,"101,279,000,000",3.92879,0.16609,0.24711,62.791,0.676,,,,
31/12/2021,Kenya,"109,797,000,000",4.16881,0.16835,0.24925,64.508,0.681,,,,
31/12/2022,Kenya,"114,679,000,000",4.46948,0.17417,0.24335,66.149,0.703,,,,
31/12/2017,Kiribati,"188,000,000",1.27139,1.49388,1.09207,,0.21319,,,,
31/12/2018,Kiribati,"196,000,000",1.27856,1.35676,1.37359,,0.19759,,,,
31/12/2019,Kiribati,"178,000,000",1.25538,1.35665,1.32573,,0.2009,,,,
31/12/2020,Kiribati,"182,000,000",1.28652,1.141,1.10395,,0.1902,,,,
31/12/2021,Kiribati,"207,000,000",1.32511,1.11099,1.27567,,0.17562,,,,
31/12/2022,Kiribati,"216,000,000",1.39137,1.06029,1.22909,,0.24999,,,,
31/12/2017,Korea,"1,623,070,000,000",0.97645,0.21826,0.19638,9.606,0.4005,,,,
31/12/2018,Korea,"1,725,370,000,000",0.99086,0.22946,0.20383,9.578,0.40022,,,,
31/12/2019,Korea,"1,651,420,000,000",0.99466,0.22923,0.22551,11.681,0.42125,,,,
31/12/2020,Korea,"1,638,260,000,000",1,0.22952,0.25194,18.445,0.48889,,,,
31/12/2021,Korea,"1,798,540,000,000",1.02498,0.25663,0.26302,19.326,0.4977,,,,
31/12/2022,Korea,"1,804,680,000,000",1.06554,0.2457,0.26155,21.599,0.52043,,,,
31/12/2017,Kosovo,"7,178,000,000",1.015,0.26748,0.28174,,0.16379,,,,
31/12/2018,Kosovo,"7,882,000,000",1.0261,0.26601,0.29463,,0.17137,,,,
31/12/2019,Kosovo,"7,900,000,000",1.05399,0.26995,0.29922,,0.17669,,,,
31/12/2020,Kosovo,"7,728,000,000",1.05628,0.25641,0.33523,,0.22487,,,,
31/12/2021,Kosovo,"9,039,000,000",1.09121,0.28724,0.30286,,0.22484,,,,
31/12/2022,Kosovo,"9,660,000,000",1.19455,0.28009,0.31156,,0.22504,,,,
31/12/2017,Kuwait,"120,687,000,000",1.80913,0.53809,0.51385,,0.20485,,,,
31/12/2018,Kuwait,"138,202,000,000",1.8196,0.58247,0.50972,,0.15103,,,,
31/12/2019,Kuwait,"136,192,000,000",1.83962,0.55226,0.52155,,0.11636,,,,
31/12/2020,Kuwait,"105,949,000,000",1.87842,0.52775,0.65538,,0.11706,,,,
31/12/2021,Kuwait,"135,352,000,000",1.94233,0.51881,0.52425,,0.08707,,,,
31/12/2022,Kuwait,"186,610,000,000",2.03459,0.55034,0.38481,,0.12304,,,,
31/12/2017,Kyrgyz Republic,"7,703,000,000",1.51593,0.33287,0.3702,,0.58786,,,,
31/12/2018,Kyrgyz Republic,"8,271,000,000",1.53931,0.3247,0.3306,,0.54818,,,,
31/12/2019,Kyrgyz Republic,"8,872,000,000",1.5568,0.32501,0.3258,,0.51603,,,,
31/12/2020,Kyrgyz Republic,"7,792,000,000",1.65523,0.30837,0.34092,,0.67648,,,,
31/12/2021,Kyrgyz Republic,"8,538,000,000",1.85235,0.33962,0.3522,,0.60972,,,,
31/12/2022,Kyrgyz Republic,"9,017,000,000",2.09643,0.34197,0.35361,,0.60371,,,,
31/12/2017,Lao P.D.R.,"17,055,000,000",1.02141,0.16294,0.21802,,0.57198,,,,
31/12/2018,Lao P.D.R.,"18,131,000,000",1.04225,0.16244,0.20907,,0.5965,,,,
31/12/2019,Lao P.D.R.,"18,791,000,000",1.07688,0.15401,0.18743,,0.62021,,,,
31/12/2020,Lao P.D.R.,"18,524,000,000",1.13185,0.12981,0.18572,,0.82607,,,,
31/12/2021,Lao P.D.R.,"18,552,000,000",1.17433,0.13272,0.18749,,0.95235,,,,
31/12/2022,Lao P.D.R.,"17,347,000,000",1.24714,0.1363,0.18844,,0.95582,,,,
31/12/2017,Latvia,"30,473,000,000",1.02998,0.35667,0.36488,30.497,0.38981,,,,
31/12/2018,Latvia,"34,445,000,000",1.05628,0.3733,0.38067,28.751,0.37099,,,,
31/12/2019,Latvia,"34,313,000,000",1.0853,0.37244,0.37625,28.237,0.36697,,,,
31/12/2020,Latvia,"33,619,000,000",1.08618,0.38431,0.42331,33.425,0.43283,,,,
31/12/2021,Latvia,"38,965,000,000",1.12136,0.38196,0.43739,37.983,0.45618,,,,
31/12/2022,Latvia,"40,266,000,000",1.2335,0.3693,0.43301,40.365,0.47322,,,,
31/12/2017,Lebanon,"53,325,000,000",1.00558,0.21795,0.30401,143.595,1.49151,,,,
31/12/2018,Lebanon,"55,276,000,000",1.0665,0.20883,0.32106,149.749,1.54024,,,,
31/12/2019,Lebanon,"51,222,000,000",1.09733,0.20653,0.30948,165.943,1.71113,,,,
31/12/2020,Lebanon,"27,320,000,000",2.02875,0.13767,0.19608,132.64,1.35007,,,,
31/12/2017,Lesotho,"2,356,000,000",1.04448,0.49798,0.50887,8.588,0.40038,,,,
31/12/2018,Lesotho,"2,342,000,000",1.09411,0.50043,0.548,16.003,0.4904,,,,
31/12/2019,Lesotho,"2,299,000,000",1.15086,0.48357,0.5581,16.69,0.50458,,,,
31/12/2020,Lesotho,"2,061,000,000",1.20815,0.5526,0.5501,18.701,0.54183,,,,
31/12/2021,Lesotho,"2,464,000,000",1.28122,0.46273,0.53138,17.759,0.54688,,,,
31/12/2022,Lesotho,"2,561,000,000",1.35919,0.47149,0.54904,20.744,0.52471,,,,
31/12/2017,Liberia,"3,321,000,000",4.6672,0.27946,0.3508,27.719,0.31918,,,,
31/12/2018,Liberia,"3,264,000,000",5.76618,0.27957,0.32478,30.767,0.37365,,,,
31/12/2019,Liberia,"3,080,000,000",7.32129,0.27389,0.32203,43.645,0.48852,,,,
31/12/2020,Liberia,"3,037,000,000",8.56247,0.31266,0.35109,52.818,0.58323,,,,
31/12/2021,Liberia,"3,483,000,000",9.2317,0.29349,0.32202,48.31,0.529,,,,
31/12/2022,Liberia,"3,829,000,000",9.98775,0.27354,0.30277,47.381,0.51556,,,,
31/12/2017,Libya,"30,211,000,000",3.05853,0.53368,0.78107,,0,,,,
31/12/2018,Libya,"41,432,000,000",3.02196,0.85614,0.68486,,0,,,,
31/12/2019,Libya,"39,497,000,000",3.02841,1.04835,0.83723,,0,,,,
31/12/2020,Libya,"19,210,000,000",3.11372,0.85738,1.40191,,0,,,,
31/12/2021,Libya,"32,352,000,000",3.229,0.73552,0.59733,,0,,,,
31/12/2022,Libya,"48,773,000,000",3.34855,0.8474,0.5895,,0,,,,
31/12/2017,Lithuania,"47,742,000,000",1.04422,0.32856,0.32402,32.946,0.39338,,,,
31/12/2018,Lithuania,"53,775,000,000",1.07065,0.33749,0.33152,27.726,0.33663,,,,
31/12/2019,Lithuania,"54,703,000,000",1.09466,0.34072,0.33807,30.334,0.35865,,,,
31/12/2020,Lithuania,"56,502,000,000",1.10628,0.34907,0.42175,41.122,0.4658,,,,
31/12/2021,Lithuania,"65,479,000,000",1.15745,0.36436,0.39422,38.118,0.43002,,,,
31/12/2022,Lithuania,"69,782,000,000",1.3117,0.37473,0.41029,35.765,0.40081,,,,
31/12/2017,Luxembourg,"65,689,000,000",1.02153,0.42569,0.41274,-11.412,0.21822,,,,
31/12/2018,Luxembourg,"71,317,000,000",1.04212,0.45134,0.42126,-11.181,0.20845,,,,
31/12/2019,Luxembourg,"70,203,000,000",1.05933,0.45262,0.42863,-8.538,0.22292,,,,
31/12/2020,Luxembourg,"73,294,000,000",1.05938,0.43915,0.47732,-5.352,0.24751,,,,
31/12/2021,Luxembourg,"86,768,000,000",1.09615,0.43118,0.42516,-1.278,0.25091,,,,
31/12/2022,Luxembourg,"86,898,000,000",1.15787,0.43215,0.43626,0.596,0.25678,,,,
31/12/2017,Macao SAR,"50,441,000,000",1.41558,0.31885,0.18626,,0,,,,
31/12/2018,Macao SAR,"55,285,000,000",1.45811,0.31329,0.18026,,0,,,,
31/12/2019,Macao SAR,"55,205,000,000",1.49823,0.32821,0.18413,,0,,,,
31/12/2020,Macao SAR,"25,586,000,000",1.51039,0.27646,0.48853,,0,,,,
31/12/2021,Macao SAR,"29,905,000,000",1.5108,0.29716,0.46266,,0,,,,
31/12/2022,Macao SAR,"35,246,000,000",1.55298,0.26325,0.36488,,0,,,,
31/12/2017,Madagascar,"13,176,000,000",1.0859,0.12839,0.14942,,0.40136,,,,
31/12/2018,Madagascar,"13,760,000,000",1.17927,0.13013,0.14351,,0.40393,,,,
31/12/2019,Madagascar,"14,105,000,000",1.24558,0.13941,0.15362,,0.38522,,,,
31/12/2020,Madagascar,"13,056,000,000",1.29775,0.12394,0.16349,,0.49005,,,,
31/12/2021,Madagascar,"14,184,000,000",1.37327,0.12446,0.18712,,0.53387,,,,
31/12/2022,Madagascar,"14,616,000,000",1.49412,0.14313,0.20618,,0.57932,,,,
31/12/2017,Malawi,"8,943,000,000",0.70471,0.15841,0.2099,,0.40252,,,,
31/12/2018,Malawi,"9,882,000,000",0.76965,0.15034,0.19379,,0.43904,,,,
31/12/2019,Malawi,"11,031,000,000",0.84183,0.14764,0.19313,,0.45297,,,,
31/12/2020,Malawi,"11,847,000,000",0.91455,0.14545,0.22727,,0.54785,,,,
31/12/2021,Malawi,"12,176,000,000",1,0.14777,0.23313,,0.63518,,,,
31/12/2022,Malawi,"12,042,000,000",1.10683,0.1484,0.22667,,0.66897,,,,
31/12/2017,Malaysia,"319,249,000,000",1.19525,0.19631,0.22043,,0.54396,,,,
31/12/2018,Malaysia,"358,994,000,000",1.20683,0.20155,0.228,,0.55646,,,,
31/12/2019,Malaysia,"365,385,000,000",1.21483,0.21561,0.2357,,0.57067,,,,
31/12/2020,Malaysia,"337,280,000,000",1.201,0.20643,0.25267,,0.67783,,,,
31/12/2021,Malaysia,"372,754,000,000",1.23075,0.18317,0.23778,,0.68972,,,,
31/12/2022,Malaysia,"439,373,000,000",1.26828,0.17359,0.22248,,0.6925,,,,
31/12/2017,Maldives,"4,747,000,000",0.96879,0.27694,0.30754,,0.64563,,,,
31/12/2018,Maldives,"5,294,000,000",0.98203,0.27239,0.32508,,0.72009,,,,
31/12/2019,Maldives,"5,598,000,000",0.99505,0.26933,0.33614,,0.78811,,,,
31/12/2020,Maldives,"3,736,000,000",0.97919,0.26441,0.49946,,1.46135,,,,
31/12/2021,Maldives,"5,070,000,000",0.98128,0.27174,0.42235,,1.2343,,,,
31/12/2022,Maldives,"5,502,000,000",1.00375,0.27589,0.41045,,1.2925,,,,
31/12/2017,Mali,"15,360,000,000",1.4431,0.20059,0.22921,31.098,0.35985,,,,
31/12/2018,Mali,"17,079,000,000",1.46812,0.15565,0.20307,34.089,0.37524,,,,
31/12/2019,Mali,"17,281,000,000",1.42563,0.21465,0.23149,34.558,0.40725,,,,
31/12/2020,Mali,"17,491,000,000",1.43326,0.20725,0.26115,40.721,0.47335,,,,
31/12/2021,Mali,"19,188,000,000",1.49118,0.22189,0.2709,44.882,0.5205,,,,
31/12/2022,Mali,"19,264,000,000",1.61047,0.20284,0.24784,43.442,0.53442,,,,
31/12/2017,Malta,"13,500,000,000",1.02175,0.37185,0.3406,35.384,0.47499,,,,
31/12/2018,Malta,"15,309,000,000",1.03954,0.3721,0.35351,32.469,0.43524,,,,
31/12/2019,Malta,"15,722,000,000",1.05538,0.35994,0.35637,29.485,0.40605,,,,
31/12/2020,Malta,"14,905,000,000",1.06368,0.35796,0.45717,43.183,0.53282,,,,
31/12/2017,Marshall Islands,"212,000,000",1.46572,0.68659,0.64245,,0.25575,,,,
31/12/2018,Marshall Islands,"222,000,000",1.47679,0.62557,0.60023,,0.24513,,,,
31/12/2019,Marshall Islands,"236,000,000",1.46954,0.62974,0.64757,,0.24838,,,,
31/12/2020,Marshall Islands,"244,000,000",1.4659,0.70291,0.65287,,0.19013,,,,
31/12/2021,Marshall Islands,"248,000,000",1.5172,0.81849,0.78031,,0.14832,,,,
31/12/2022,Marshall Islands,"267,000,000",1.59762,0.67808,0.68795,,0.14796,,,,
31/12/2017,Mauritania,"6,826,000,000",1.66012,0.20829,0.20298,53.673,0.54761,,,,
31/12/2018,Mauritania,"7,351,000,000",1.71081,0.22582,0.19302,56.521,0.58856,,,,
31/12/2019,Mauritania,"7,889,000,000",1.75026,0.20486,0.17837,55.756,0.56831,,,,
31/12/2020,Mauritania,"8,110,000,000",1.7899,0.22243,0.19339,58.118,0.59192,,,,
31/12/2021,Mauritania,"9,130,000,000",1.85725,0.19712,0.19025,53.78,0.54722,,,,
31/12/2022,Mauritania,"9,280,000,000",1.94733,0.20549,0.20406,54.559,0.55492,,,,
31/12/2017,Mauritius,"13,259,000,000",1,0.22749,0.2442,,0.64335,,,,
31/12/2018,Mauritius,"14,182,000,000",1.03231,0.22535,0.24763,,0.66223,,,,
31/12/2019,Mauritius,"14,046,000,000",1.037,0.22702,0.31134,,0.84621,,,,
31/12/2020,Mauritius,"10,921,000,000",1.06314,0.22654,0.33599,,0.99184,,,,
31/12/2021,Mauritius,"11,078,000,000",1.10607,0.2376,0.30911,,1.00712,,,,
31/12/2022,Mauritius,"11,263,000,000",1.19921,0.24111,0.28979,,0.98853,,,,
31/12/2017,Mexico,"1,158,910,000,000",0.95571,0.24642,0.25705,45.736,0.53963,,,,
31/12/2018,Mexico,"1,222,410,000,000",1.00251,0.23464,0.25662,44.854,0.53649,,,,
31/12/2019,Mexico,"1,269,400,000,000",1.03894,0.23626,0.25954,44.487,0.53321,,,,
31/12/2020,Mexico,"1,087,120,000,000",1.07425,0.24226,0.2865,51.745,0.60297,,,,
31/12/2021,Mexico,"1,294,830,000,000",1.1354,0.23325,0.27122,49.951,0.57627,,,,
31/12/2022,Mexico,"1,322,740,000,000",1.21275,0.24437,0.27637,50.726,0.58401,,,,
31/12/2017,Micronesia,"367,000,000",1.27662,0.78191,0.6395,,0.21923,,,,
31/12/2018,Micronesia,"402,000,000",1.29057,0.7971,0.55485,,0.18834,,,,
31/12/2019,Micronesia,"416,000,000",1.3189,0.77202,0.60221,,0.18595,,,,
31/12/2020,Micronesia,"412,000,000",1.33095,0.68692,0.68539,,0.15883,,,,
31/12/2021,Micronesia,"407,000,000",1.35873,0.73215,0.72174,,0.15001,,,,
31/12/2022,Micronesia,"427,000,000",1.43415,0.66997,0.66171,,0.14229,,,,
31/12/2017,Moldova,"9,670,000,000",514.8,0.29841,0.30481,,0.343,,,,
31/12/2018,Moldova,"11,457,000,000",533.29,0.30126,0.30964,,0.3123,,,,
31/12/2019,Moldova,"11,972,000,000",559.13,0.29922,0.31359,,0.28294,,,,
31/12/2020,Moldova,"11,530,000,000",580.21,0.31369,0.36686,,0.36685,,,,
31/12/2021,Moldova,"13,672,000,000",609.8,0.31989,0.34611,,0.3299,,,,
31/12/2022,Moldova,"13,811,000,000",743.43,0.30427,0.37667,,0.36447,,,,
31/12/2017,Mongolia,"11,481,000,000",1.05083,0.28461,0.32177,,1.00074,,,,
31/12/2018,Mongolia,"13,207,000,000",1.12258,0.3126,0.28406,,0.8822,,,,
31/12/2019,Mongolia,"14,206,000,000",1.20408,0.31713,0.30819,,0.78475,,,,
31/12/2020,Mongolia,"13,313,000,000",1.24883,0.27889,0.37124,,0.91336,,,,
31/12/2021,Mongolia,"15,098,000,000",1.33758,0.33122,0.3658,,0.94692,,,,
31/12/2022,Mongolia,"18,102,000,000",1.54465,0.36425,0.33062,,0.82031,,,,
31/12/2017,Montenegro,"4,855,000,000",2.98954,0.40281,0.47093,,0.66207,,,,
31/12/2018,Montenegro,"5,509,000,000",3.06737,0.40973,0.47186,,0.71885,,,,
31/12/2019,Montenegro,"5,543,000,000",3.0786,0.42206,0.43974,,0.78793,,,,
31/12/2020,Montenegro,"4,777,000,000",3.07128,0.43413,0.5435,,1.07349,,,,
31/12/2021,Montenegro,"5,813,000,000",3.14497,0.42796,0.44412,,0.86754,,,,
31/12/2022,Montenegro,"6,018,000,000",3.35882,0.38673,0.43738,,0.77993,,,,
31/12/2017,Morocco,"109,683,000,000",1.00004,0.26563,0.30057,64.759,0.65124,,,,
31/12/2018,Morocco,"118,096,000,000",1.01573,0.26141,0.2984,64.938,0.65198,,,,
31/12/2019,Morocco,"119,871,000,000",1.01817,0.25609,0.29428,64.527,0.64815,,,,
31/12/2020,Morocco,"114,724,000,000",1.02451,0.28558,0.36118,75.735,0.76408,,,,
31/12/2021,Morocco,"131,465,000,000",1.03885,0.26279,0.32735,75.737,0.7629,,,,
31/12/2022,Morocco,"133,062,000,000",1.08456,0.27652,0.33942,76.566,0.77119,,,,
31/12/2017,Mozambique,"13,219,000,000",1.15114,0.27073,0.29066,,1.00023,,,,
31/12/2018,Mozambique,"14,845,000,000",1.19617,0.25761,0.31346,,1.03597,,,,
31/12/2019,Mozambique,"15,390,000,000",1.22943,0.29685,0.29833,,0.96053,,,,
31/12/2020,Mozambique,"14,029,000,000",1.26806,0.28062,0.33177,,1.19016,,,,
31/12/2021,Mozambique,"16,104,000,000",1.34019,0.27057,0.30634,,1.02316,,,,
31/12/2022,Mozambique,"18,091,000,000",1.45354,0.29445,0.32423,,1.02014,,,,
31/12/2017,Myanmar,"61,267,000,000",1.32435,0.17909,0.20767,,0.3847,,,,
31/12/2018,Myanmar,"66,699,000,000",1.40307,0.17629,0.21031,,0.40415,,,,
31/12/2019,Myanmar,"68,802,000,000",1.52411,0.16349,0.20256,,0.38753,,,,
31/12/2020,Myanmar,"81,257,000,000",1.61137,0.16038,0.21648,,0.39276,,,,
31/12/2021,Myanmar,"65,160,000,000",1.67006,0.14129,0.21941,,0.62343,,,,
31/12/2022,Myanmar,"69,262,000,000",1.90493,0.15008,0.21871,,0.58825,,,,
31/12/2017,Namibia,"12,883,000,000",1.27189,0.33099,0.38093,41.39,0.43829,,,,
31/12/2018,Namibia,"13,676,000,000",1.3265,0.31236,0.3633,47.421,0.50401,,,,
31/12/2019,Namibia,"12,494,000,000",1.37586,0.32039,0.3755,55.151,0.59518,,,,
31/12/2020,Namibia,"10,619,000,000",1.40626,0.33181,0.41338,64.272,0.66743,,,,
31/12/2021,Namibia,"12,346,000,000",1.45717,0.29924,0.38868,68.795,0.70183,,,,
31/12/2022,Namibia,"13,019,000,000",1.53731,0.28538,0.36313,68.379,0.69648,,,,
31/12/2017,Nauru,"110,000,000",1.22607,1.21845,1.01702,,0.77529,,,,
31/12/2018,Nauru,"124,000,000",1.23175,1.29261,0.95645,,0.75111,,,,
31/12/2019,Nauru,"119,000,000",1.28471,1.4872,1.18859,,0.62844,,,,
31/12/2020,Nauru,"114,000,000",1.20039,1.70218,1.34528,,0.61382,,,,
31/12/2021,Nauru,"133,000,000",1.21479,1.79238,1.35486,,0.27064,,,,
31/12/2022,Nauru,"134,000,000",1.23909,1.70727,1.54455,,0.27334,,,,
31/12/2017,Nepal,"28,972,000,000",1.14835,0.20946,0.23635,,0.24989,,,,
31/12/2018,Nepal,"33,112,000,000",1.19597,0.22166,0.27999,,0.30081,,,,
31/12/2019,Nepal,"34,186,000,000",1.25145,0.22352,0.27339,,0.33134,,,,
31/12/2020,Nepal,"33,982,000,000",1.32841,0.22097,0.27425,,0.42159,,,,
31/12/2021,Nepal,"34,520,000,000",1.37621,0.24247,0.28478,,0.47236,,,,
31/12/2022,Nepal,"36,315,000,000",1.45597,0.25285,0.31024,,0.51505,,,,
31/12/2017,Netherlands,"833,575,000,000",1.01396,0.42923,0.41606,46.622,0.5694,,,,
31/12/2018,Netherlands,"914,458,000,000",1.03021,0.42872,0.41442,42.926,0.52426,,,,
31/12/2019,Netherlands,"910,295,000,000",1.05772,0.43583,0.41237,41.891,0.47561,,,,
31/12/2020,Netherlands,"913,134,000,000",1.06955,0.4107,0.45493,43.195,0.52755,,,,
31/12/2021,Netherlands,"1,018,680,000,000",1.09978,0.41506,0.4712,46.462,0.56744,,,,
31/12/2022,Netherlands,"1,013,600,000,000",1.15672,0.41858,0.44452,45.285,0.55307,,,,
31/12/2017,New Zealand,"203,595,000,000",1.43707,0.36968,0.35644,5.553,0.31132,,,,
31/12/2018,New Zealand,"209,697,000,000",1.46004,0.3735,0.36098,4.718,0.28087,,,,
31/12/2019,New Zealand,"211,036,000,000",1.48368,0.36286,0.38756,6.852,0.31808,,,,
31/12/2020,New Zealand,"210,698,000,000",1.50912,0.37648,0.41682,10.236,0.43121,,,,
31/12/2021,New Zealand,"247,685,000,000",1.5686,0.37637,0.42581,15.039,0.49075,,,,
31/12/2022,New Zealand,"257,211,000,000",1.66117,0.37075,0.41936,19.984,0.51214,,,,
31/12/2017,Nicaragua,"13,786,000,000",2.04632,0.25479,0.27258,,0.3408,,,,
31/12/2018,Nicaragua,"13,025,000,000",2.14756,0.24602,0.27625,,0.37686,,,,
31/12/2019,Nicaragua,"12,625,000,000",2.26302,0.27536,0.2784,,0.4169,,,,
31/12/2020,Nicaragua,"12,620,000,000",2.34634,0.26852,0.28975,,0.47919,,,,
31/12/2021,Nicaragua,"14,250,000,000",2.46184,0.28309,0.29992,,0.48644,,,,
31/12/2022,Nicaragua,"15,764,000,000",2.67617,0.26101,0.27131,,0.469,,,,
31/12/2017,Niger,"11,185,000,000",1.01334,0.15387,0.19502,32.337,0.36494,,,,
31/12/2018,Niger,"12,850,000,000",1.04124,0.181,0.211,34.013,0.36907,,,,
31/12/2019,Niger,"12,912,000,000",1.015,0.18011,0.2157,35.935,0.39802,,,,
31/12/2020,Niger,"13,758,000,000",1.04442,0.17558,0.22896,41.031,0.44981,,,,
31/12/2021,Niger,"14,959,000,000",1.0845,0.18302,0.24195,47.465,0.52947,,,,
31/12/2022,Niger,"15,620,000,000",1.13885,0.17678,0.23091,48.698,0.53754,,,,
31/12/2017,Nigeria,"375,745,000,000",2.33352,0.06576,0.11991,20.938,0.2534,,,,
31/12/2018,Nigeria,"421,737,000,000",2.61574,0.08505,0.1282,23.492,0.27689,,,,
31/12/2019,Nigeria,"448,120,000,000",2.91386,0.07831,0.12522,25.45,0.2917,,,,
31/12/2020,Nigeria,"429,423,000,000",3.29985,0.06321,0.11977,34.053,0.34486,,,,
31/12/2021,Nigeria,"441,541,000,000",3.85927,0.07222,0.13263,36.562,0.36996,,,,
31/12/2022,Nigeria,"510,588,000,000",4.48205,0.08445,0.14887,36.817,0.37428,,,,
31/12/2017,North Macedonia,"11,336,000,000",1.10916,0.2903,0.31763,38.745,0.39383,,,,
31/12/2018,North Macedonia,"12,694,000,000",1.12533,0.28511,0.30266,39.178,0.40425,,,,
31/12/2019,North Macedonia,"12,609,000,000",1.13396,0.29438,0.31406,39.836,0.40448,,,,
31/12/2020,North Macedonia,"12,138,000,000",1.14757,0.28931,0.37144,51.112,0.51881,,,,
31/12/2021,North Macedonia,"13,889,000,000",1.18464,0.30212,0.35574,52.332,0.53202,,,,
31/12/2022,North Macedonia,"14,198,000,000",1.26619,0.30241,0.36527,54.336,0.55297,,,,
31/12/2017,Norway,"398,394,000,000",1.14551,0.54636,0.49641,-79.269,0.38636,,,,
31/12/2018,Norway,"437,000,000,000",1.17718,0.55862,0.47998,-71.373,0.39658,,,,
31/12/2019,Norway,"404,941,000,000",1.2027,0.57258,0.50674,-74.897,0.40937,,,,
31/12/2020,Norway,"362,198,000,000",1.21817,0.54476,0.5729,-80.158,0.46802,,,,
31/12/2021,Norway,"482,437,000,000",1.26061,0.49985,0.49084,-76.955,0.48102,,,,
31/12/2022,Norway,"541,938,000,000",1.30473,0.50443,0.44494,-67,0.47802,,,,
31/12/2017,Oman,"70,598,000,000",1.05123,0.33179,0.45158,-11.932,0.45933,,,,
31/12/2018,Oman,"79,789,000,000",1.0605,0.36242,0.43948,7.297,0.51254,,,,
31/12/2019,Oman,"76,332,000,000",1.06192,0.39165,0.44737,12.877,0.60525,,,,
31/12/2020,Oman,"72,056,000,000",1.05232,0.30409,0.4692,29.049,0.71371,,,,
31/12/2021,Oman,"83,656,000,000",1.06859,0.34814,0.37357,26.527,0.65277,,,,
31/12/2022,Oman,"110,127,000,000",1.10853,0.35465,0.29838,14.523,0.43959,,,,
31/12/2017,Pakistan,"339,245,000,000",1.05633,0.13957,0.19128,55.868,0.60856,,,,
31/12/2018,Pakistan,"354,436,000,000",1.09779,0.13435,0.19108,59.898,0.6482,,,,
31/12/2019,Pakistan,"318,478,000,000",1.17177,0.11265,0.19054,70.228,0.77505,,,,
31/12/2020,Pakistan,"299,296,000,000",1.29763,0.1327,0.20304,72.931,0.79587,,,,
31/12/2021,Pakistan,"347,743,000,000",1.41314,0.12495,0.18574,66.395,0.7396,,,,
31/12/2017,Palau,"285,000,000",1.00373,0.40291,0.35458,,0,,,,
31/12/2018,Palau,"285,000,000",1.02334,0.4451,0.38249,,0,,,,
31/12/2019,Palau,"274,000,000",1.02958,0.44454,0.441,,0,,,,
31/12/2020,Palau,"258,000,000",1.03659,0.47412,0.58346,,0,,,,
31/12/2021,Palau,"215,000,000",1.04125,0.46396,0.66156,,0,,,,
31/12/2022,Palau,"244,000,000",1.09377,0.40857,0.53798,,0,,,,
31/12/2017,Panama,"62,203,000,000",1.04433,0.20002,0.22166,23.057,0.35256,,,,
31/12/2018,Panama,"64,929,000,000",1.05229,0.19774,0.22968,26.047,0.37315,,,,
31/12/2019,Panama,"66,984,000,000",1.04855,0.18505,0.219,28.859,0.41897,,,,
31/12/2020,Panama,"53,977,000,000",1.03229,0.18269,0.28775,43.16,0.65562,,,,
31/12/2021,Panama,"63,605,000,000",1.04913,0.18182,0.23721,40.801,0.58433,,,,
31/12/2022,Panama,"70,492,000,000",1.08145,0.19736,0.23747,40.826,0.56037,,,,
31/12/2017,Papua New Guinea,"22,743,000,000",6.66353,0.15892,0.18367,,0.32484,,,,
31/12/2018,Papua New Guinea,"24,110,000,000",6.97737,0.17739,0.20319,,0.36676,,,,
31/12/2019,Papua New Guinea,"24,751,000,000",7.23427,0.16316,0.20747,,0.40166,,,,
31/12/2020,Papua New Guinea,"24,665,000,000",7.5867,0.14171,0.2273,,0.46442,,,,
31/12/2021,Papua New Guinea,"26,937,000,000",7.92699,0.14404,0.21768,,0.49298,,,,
31/12/2022,Papua New Guinea,"29,919,000,000",8.43432,0.1564,0.21421,,0.45168,,,,
31/12/2017,Paraguay,"38,997,000,000",0.97967,0.18589,0.19471,15.951,0.19847,,,,
31/12/2018,Paraguay,"40,225,000,000",1.01858,0.18949,0.20596,18.436,0.22331,,,,
31/12/2019,Paraguay,"37,907,000,000",1.04667,0.19193,0.22989,22.677,0.2578,,,,
31/12/2020,Paraguay,"35,432,000,000",1.06517,0.18642,0.25833,32.247,0.36899,,,,
31/12/2021,Paraguay,"38,287,000,000",1.11617,0.19152,0.25305,32.665,0.37017,,,,
31/12/2022,Paraguay,"41,935,000,000",1.22109,0.18532,0.23544,35.469,0.3939,,,,
31/12/2017,Peru,"214,128,000,000",1.27335,0.18306,0.21241,8.727,0.25415,,,,
31/12/2018,Peru,"225,370,000,000",1.29012,0.19409,0.21409,10.226,0.26183,,,,
31/12/2019,Peru,"230,908,000,000",1.31768,0.19916,0.21281,11.196,0.27093,,,,
31/12/2020,Peru,"205,233,000,000",1.34175,0.17893,0.2624,20.372,0.35085,,,,
31/12/2021,Peru,"224,725,000,000",1.39514,0.21061,0.23653,19.353,0.35932,,,,
31/12/2022,Peru,"240,346,000,000",1.47131,0.2051,0.22959,20.064,0.34364,,,,
31/12/2017,Philippines,"328,481,000,000",0.94942,0.18689,0.19061,,0.38108,,,,
31/12/2018,Philippines,"346,842,000,000",0.99983,0.19298,0.2085,,0.37134,,,,
31/12/2019,Philippines,"376,823,000,000",1.02375,0.20013,0.21671,,0.36967,,,,
31/12/2020,Philippines,"361,489,000,000",1.04825,0.20642,0.26375,,0.51675,,,,
31/12/2021,Philippines,"393,612,000,000",1.08942,0.20376,0.2684,,0.57525,,,,
31/12/2022,Philippines,"411,978,000,000",1.13583,0.20683,0.26153,,0.60039,,,,
31/12/2017,Poland,"526,643,000,000",1.69829,0.39785,0.41272,44.264,0.50617,,,,
31/12/2018,Poland,"587,433,000,000",1.72546,0.41291,0.41536,41.596,0.48819,,,,
31/12/2019,Poland,"597,194,000,000",1.76529,0.41035,0.41772,38.334,0.45607,,,,
31/12/2020,Poland,"596,633,000,000",1.82531,0.41531,0.48669,45.322,0.57445,,,,
31/12/2021,Poland,"674,127,000,000",1.9184,0.41976,0.44494,43.422,0.55545,,,,
31/12/2022,Poland,"699,559,000,000",2.08852,0.39442,0.43583,41.169,0.53293,,,,
31/12/2017,Portugal,"221,280,000,000",1.02202,0.42412,0.45368,115.994,1.26143,,,,
31/12/2018,Portugal,"242,423,000,000",1.03395,0.42891,0.4324,113.369,1.21481,,,,
31/12/2019,Portugal,"240,013,000,000",1.03705,0.42566,0.42451,109.84,1.16608,,,,
31/12/2020,Portugal,"228,356,000,000",1.03579,0.43501,0.49341,123.224,1.35186,,,,
31/12/2021,Portugal,"250,053,000,000",1.04554,0.4532,0.48149,119.525,1.2754,,,,
31/12/2022,Portugal,"251,915,000,000",1.08767,0.44508,0.46941,114.152,1.21643,,,,
31/12/2017,Puerto Rico,"103,446,000,000",1.179,0.20852,0.21926,,0.51176,,,,
31/12/2018,Puerto Rico,"104,925,000,000",1.194,0.21316,0.21292,,0.50436,,,,
31/12/2019,Puerto Rico,"104,915,000,000",1.195,0.23013,0.21111,,0.489,,,,
31/12/2020,Puerto Rico,"103,138,000,000",1.18906,0.2081,0.21361,,0.50188,,,,
31/12/2021,Puerto Rico,"106,669,000,000",1.21672,0.20921,0.21178,,0.48735,,,,
31/12/2022,Puerto Rico,"116,762,000,000",1.27084,0.21802,0.20057,,0.1627,,,,
31/12/2017,Qatar,"161,099,000,000",0.997,0.318,0.34663,,0.51569,,,,
31/12/2018,Qatar,"183,335,000,000",1,0.345,0.28896,,0.52177,,,,
31/12/2019,Qatar,"176,371,000,000",0.993,0.37035,0.32464,,0.62088,,,,
31/12/2020,Qatar,"144,411,000,000",0.966,0.3573,0.34699,,0.72614,,,,
31/12/2021,Qatar,"179,571,000,000",0.98777,0.33489,0.29395,,0.58395,,,,
31/12/2022,Qatar,"225,716,000,000",1.0222,0.37172,0.28645,,0.46014,,,,
31/12/2017,Romania,"211,696,000,000",1.13977,0.27956,0.30933,25.697,0.36836,,,,
31/12/2018,Romania,"241,456,000,000",1.19254,0.29213,0.32163,26.492,0.36468,,,,
31/12/2019,Romania,"249,880,000,000",1.23816,0.28885,0.33809,28.7,0.36796,,,,
31/12/2020,Romania,"249,512,000,000",1.27092,0.28831,0.38637,40.198,0.49643,,,,
31/12/2021,Romania,"283,476,000,000",1.33506,0.30716,0.37591,42.236,0.51359,,,,
31/12/2022,Romania,"286,509,000,000",1.45886,0.3091,0.38888,47.049,0.55994,,,,
31/12/2017,Russia,"1,575,140,000,000",1.10985,0.33361,0.3483,,0.14311,,,,
31/12/2018,Russia,"1,653,010,000,000",1.1418,0.35544,0.32621,,0.1362,,,,
31/12/2019,Russia,"1,695,720,000,000",1.19284,0.35682,0.33752,,0.13748,,,,
31/12/2020,Russia,"1,483,380,000,000",1.23318,0.35276,0.39278,,0.19217,,,,
31/12/2021,Russia,"1,775,550,000,000",1.31573,0.37044,0.36324,,0.17021,,,,
31/12/2022,Russia,"1,829,050,000,000",1.5963,0.34923,0.38926,,0.16772,,,,
31/12/2017,Rwanda,"9,253,000,000",1.14301,0.22575,0.25092,,0.41317,,,,
31/12/2018,Rwanda,"9,641,000,000",1.1585,0.23794,0.26366,,0.44931,,,,
31/12/2019,Rwanda,"10,356,000,000",1.1865,0.23106,0.28179,,0.49816,,,,
31/12/2020,Rwanda,"10,332,000,000",1.27825,0.23551,0.32949,,0.64637,,,,
31/12/2021,Rwanda,"11,131,000,000",1.28883,0.24419,0.31275,,0.6863,,,,
31/12/2022,Rwanda,"12,060,000,000",1.39194,0.2568,0.32443,,0.71962,,,,
31/12/2017,Samoa,"832,000,000",1.10677,0.3073,0.32832,,0.49647,,,,
31/12/2018,Samoa,"837,000,000",1.14741,0.32121,0.3206,,0.52843,,,,
31/12/2019,Samoa,"852,000,000",1.17257,0.35636,0.34021,,0.47459,,,,
31/12/2020,Samoa,"807,000,000",1.18999,0.38661,0.32839,,0.46493,,,,
31/12/2021,Samoa,"788,000,000",1.15406,0.39088,0.37222,,0.49558,,,,
31/12/2022,Samoa,"816,000,000",1.24984,0.35001,0.37069,,0.457,,,,
31/12/2017,San Marino,"1,528,000,000",1.09485,0.2208,0.25566,,0.61048,,,,
31/12/2018,San Marino,"1,656,000,000",1.11417,0.22951,0.24507,,0.6349,,,,
31/12/2019,San Marino,"1,616,000,000",1.12476,0.22341,0.22449,,0.63503,,,,
31/12/2020,San Marino,"1,543,000,000",1.12718,0.21586,0.59178,,0.78039,,,,
31/12/2021,San Marino,"1,712,000,000",1.15066,0.19363,0.42664,,0.94787,,,,
31/12/2022,San Marino,"1,698,000,000",1.20708,0.20154,0.2452,,0.95149,,,,
31/12/2017,São Tomé and Príncipe,"376,000,000",1.10104,0.24943,0.27632,,0.85839,,,,
31/12/2018,São Tomé and Príncipe,"416,000,000",1.18772,0.24142,0.26025,,0.93894,,,,
31/12/2019,São Tomé and Príncipe,"431,000,000",1.27937,0.21996,0.2206,,0.71567,,,,
31/12/2020,São Tomé and Príncipe,"477,000,000",1.405,0.29015,0.23098,,0.81374,,,,
31/12/2021,São Tomé and Príncipe,"520,000,000",1.51934,0.2558,0.24718,,0.61313,,,,
31/12/2022,São Tomé and Príncipe,"526,000,000",1.73948,0.30748,0.29584,,0.6314,,,,
31/12/2017,Saudi Arabia,"688,586,000,000",0.97601,0.24069,0.33297,-7.679,0.1716,,,,
31/12/2018,Saudi Arabia,"816,578,000,000",1,0.29574,0.35228,-0.084,0.18281,,,,
31/12/2019,Saudi Arabia,"803,616,000,000",0.97907,0.30756,0.35141,4.926,0.22488,,,,
31/12/2020,Saudi Arabia,"703,368,000,000",1.0128,0.2952,0.40784,15.823,0.32374,,,,
31/12/2021,Saudi Arabia,"833,541,000,000",1.04383,0.30792,0.33238,17.695,0.30021,,,,
31/12/2022,Saudi Arabia,"1,040,170,000,000",1.07003,0.31483,0.2595,8.647,0.24059,,,,
31/12/2017,Senegal,"20,989,000,000",1.03227,0.19495,0.22463,,0.61139,,,,
31/12/2018,Senegal,"23,127,000,000",1.03696,0.1889,0.22552,,0.61523,,,,
31/12/2019,Senegal,"23,405,000,000",1.04753,0.20339,0.24192,,0.63575,,,,
31/12/2020,Senegal,"24,534,000,000",1.07403,0.20159,0.26564,,0.69166,,,,
31/12/2021,Senegal,"27,640,000,000",1.09743,0.19442,0.25744,,0.75721,,,,
31/12/2022,Senegal,"28,435,000,000",1.13035,0.2092,0.2566,,0.75265,,,,
31/12/2017,Serbia,"44,179,000,000",1.89616,0.41452,0.40082,56.513,0.58649,,,,
31/12/2018,Serbia,"50,641,000,000",1.93333,0.415,0.40688,52.336,0.54405,,,,
31/12/2019,Serbia,"51,514,000,000",1.96909,0.42025,0.42029,48.846,0.5275,,,,
31/12/2020,Serbia,"53,335,000,000",2.0001,0.40983,0.48225,54.116,0.57884,,,,
31/12/2021,Serbia,"63,068,000,000",2.08181,0.43261,0.46572,52.891,0.57171,,,,
31/12/2022,Serbia,"65,037,000,000",2.24282,0.41374,0.44223,52.331,0.55645,,,,
31/12/2017,Seychelles,"1,573,000,000",1.05928,0.34808,0.3434,46.307,0.60339,,,,
31/12/2018,Seychelles,"1,629,000,000",1.0985,0.35133,0.36162,43.039,0.5591,,,,
31/12/2019,Seychelles,"1,683,000,000",1.11835,0.3569,0.34823,43.02,0.54205,,,,
31/12/2020,Seychelles,"1,202,000,000",1.1318,0.35662,0.53035,80.515,0.89097,,,,
31/12/2021,Seychelles,"1,464,000,000",1.24238,0.33839,0.39639,62.08,0.72511,,,,
31/12/2022,Seychelles,"1,750,000,000",1.31135,0.34396,0.41128,68.941,0.76691,,,,
31/12/2017,Sierra Leone,"3,713,000,000",2.02502,0.14647,0.23429,,0.69155,,,,
31/12/2018,Sierra Leone,"4,085,000,000",2.34968,0.15767,0.21357,,0.69089,,,,
31/12/2019,Sierra Leone,"4,074,000,000",2.69751,0.18149,0.21274,,0.7245,,,,
31/12/2020,Sierra Leone,"4,059,000,000",3.06024,0.19967,0.25726,,0.76331,,,,
31/12/2021,Sierra Leone,"4,239,000,000",3.42358,0.20394,0.27309,,0.7619,,,,
31/12/2022,Sierra Leone,"4,268,000,000",4.01655,0.19991,0.2389,,0.75011,,,,
31/12/2017,Singapore,"343,187,000,000",0.99004,0.18882,0.13573,,1.07739,,,,
31/12/2018,Singapore,"376,987,000,000",0.99438,0.17569,0.13885,,1.09448,,,,
31/12/2019,Singapore,"375,484,000,000",1,0.17873,0.14018,,1.28202,,,,
31/12/2020,Singapore,"345,286,000,000",0.99818,0.17852,0.23711,,1.52001,,,,
31/12/2021,Singapore,"396,992,000,000",1.02119,0.18546,0.18735,,1.32807,,,,
31/12/2022,Singapore,"424,431,000,000",1.05685,0.17817,0.1643,,1.30856,,,,
31/12/2017,Slovak Republic,"95,360,000,000",1.00917,0.38619,0.39601,45.906,0.516,,,,
31/12/2018,Slovak Republic,"105,661,000,000",1.03463,0.38813,0.39824,43.603,0.49629,,,,
31/12/2019,Slovak Republic,"105,296,000,000",1.06324,0.39329,0.40661,43.29,0.48142,,,,
31/12/2020,Slovak Republic,"105,088,000,000",1.08462,0.40055,0.45552,49.64,0.59742,,,,
31/12/2021,Slovak Republic,"114,947,000,000",1.11528,0.4231,0.48779,54.317,0.60433,,,,
31/12/2022,Slovak Republic,"118,434,000,000",1.20951,0.4187,0.47236,55.389,0.61405,,,,
31/12/2017,Slovenia,"48,572,000,000",1.01374,0.44017,0.4407,51.912,0.7415,,,,
31/12/2018,Slovenia,"54,188,000,000",1.03134,0.44248,0.43504,45.824,0.70305,,,,
31/12/2019,Slovenia,"54,185,000,000",1.04813,0.43755,0.43333,42.738,0.65606,,,,
31/12/2020,Slovenia,"53,547,000,000",1.04758,0.43509,0.51322,49.453,0.79762,,,,
31/12/2021,Slovenia,"61,567,000,000",1.06761,0.43912,0.49111,48.554,0.74698,,,,
31/12/2022,Slovenia,"63,647,000,000",1.1394,0.43208,0.48036,46.414,0.71406,,,,
31/12/2017,Solomon Islands,"1,484,000,000",1,0.39233,0.42129,-2.994,0.08386,,,,
31/12/2018,Solomon Islands,"1,575,000,000",1.03475,0.40395,0.3953,-3.537,0.083,,,,
31/12/2019,Solomon Islands,"1,570,000,000",1.05167,0.32778,0.33664,-2.805,0.08197,,,,
31/12/2020,Solomon Islands,"1,546,000,000",1.08283,0.33224,0.35647,2.162,0.13119,,,,
31/12/2021,Solomon Islands,"1,611,000,000",1.08167,0.30689,0.33811,6.721,0.16473,,,,
31/12/2022,Solomon Islands,"1,669,000,000",1.13968,0.28081,0.34114,12.838,0.2249,,,,
31/12/2017,Somalia,"5,609,000,000",1.0493,0.04788,0.04237,,0,,,,
31/12/2018,Somalia,"5,850,000,000",1.09407,0.04618,0.04577,,0,,,,
31/12/2019,Somalia,"6,477,000,000",1.14348,0.05223,0.04855,,0,,,,
31/12/2020,Somalia,"6,965,000,000",1.1927,0.07134,0.0678,,0,,,,
31/12/2021,Somalia,"7,390,000,000",1.2478,0.05095,0.06227,,0,,,,
31/12/2022,Somalia,"8,491,000,000",1.36509,0.06151,0.06652,,0,,,,
31/12/2017,South Africa,"381,317,000,000",0.82933,0.25844,0.2986,43.778,0.48588,,,,
31/12/2018,South Africa,"404,673,000,000",0.86758,0.26447,0.30184,46.64,0.5159,,,,
31/12/2019,South Africa,"387,849,000,000",0.90333,0.26789,0.31506,50.778,0.56303,,,,
31/12/2020,South Africa,"335,344,000,000",0.93292,0.25128,0.34863,62.582,0.69427,,,,
31/12/2021,South Africa,"418,020,000,000",0.97532,0.26746,0.33156,63.342,0.69125,,,,
31/12/2022,South Africa,"426,166,000,000",1.03123,0.27543,0.33323,66.935,0.70212,,,,
31/12/2017,South Sudan,"3,495,000,000",34.09,0.36272,0.33015,,0.607,,,,
31/12/2018,South Sudan,"4,659,000,000",62.55,0.31891,0.32523,,0.463,,,,
31/12/2019,South Sudan,"5,319,000,000",94.57,0.36469,0.36392,,0.28093,,,,
31/12/2020,South Sudan,"6,710,000,000",117.25,0.2649,0.19769,,0.37153,,,,
31/12/2021,South Sudan,"5,167,000,000",123.51,0.42071,0.32118,,0.58162,,,,
31/12/2022,South Sudan,"5,730,000,000",143.27,0.45301,0.36377,,0.50497,,,,
31/12/2017,Spain,"1,312,080,000,000",0.95046,0.38174,0.4121,85.066,0.98557,,,,
31/12/2018,Spain,"1,421,640,000,000",0.96638,0.39204,0.41701,83.673,0.97514,,,,
31/12/2019,Spain,"1,393,200,000,000",0.97314,0.39238,0.42112,82.251,0.95537,,,,
31/12/2020,Spain,"1,280,460,000,000",0.97,0.4148,0.52434,103.033,1.19951,,,,
31/12/2021,Spain,"1,426,220,000,000",1,0.43056,0.50097,102.967,1.18719,,,,
31/12/2022,Spain,"1,435,560,000,000",1.05304,0.42341,0.47661,101.648,1.16384,,,,
31/12/2017,Sri Lanka,"87,428,000,000",1.19042,0.13802,0.19305,,0.77902,,,,
31/12/2018,Sri Lanka,"87,954,000,000",1.24125,0.13522,0.18846,,0.84193,,,,
31/12/2019,Sri Lanka,"83,991,000,000",1.29467,0.12648,0.20617,,0.86802,,,,
31/12/2020,Sri Lanka,"80,677,000,000",1.35367,0.09172,0.21931,,1.01237,,,,
31/12/2021,Sri Lanka,"82,472,000,000",1.43433,0.08943,0.21493,,1.07157,,,,
31/12/2022,Sri Lanka,"81,934,000,000",1.68692,0.10762,0.20122,,1.08956,,,,
31/12/2017,St. Kitts and Nevis,"1,061,000,000",1.07348,0.27476,0.26937,,0.55844,,,,
31/12/2018,St. Kitts and Nevis,"1,079,000,000",1.06236,0.36926,0.35752,,0.53622,,,,
31/12/2019,St. Kitts and Nevis,"1,165,000,000",1.05885,0.3563,0.36274,,0.51452,,,,
31/12/2020,St. Kitts and Nevis,"981,000,000",1.05261,0.31599,0.34324,,0.56846,,,,
31/12/2021,St. Kitts and Nevis,"950,000,000",1.05474,0.42282,0.35125,,0.63389,,,,
31/12/2022,St. Kitts and Nevis,"1,114,000,000",1.09953,0.35499,0.32531,,0.56548,,,,
31/12/2017,St. Lucia,"1,997,000,000",1.14136,0.20898,0.23109,,0.59927,,,,
31/12/2018,St. Lucia,"2,065,000,000",1.17053,0.22011,0.23045,,0.60022,,,,
31/12/2019,St. Lucia,"2,119,000,000",1.17684,0.21449,0.24784,,0.61427,,,,
31/12/2020,St. Lucia,"1,617,000,000",1.15618,0.21107,0.3189,,0.95458,,,,
31/12/2021,St. Lucia,"1,776,000,000",1.18368,0.22233,0.29381,,0.95001,,,,
31/12/2022,St. Lucia,"2,082,000,000",1.25946,0.21041,0.25543,,0.92396,,,,
31/12/2017,St. Vincent and the Grenadines,"848,000,000",1.07925,0.27828,0.28247,65.592,0.6869,,,,
31/12/2018,St. Vincent and the Grenadines,"884,000,000",1.10433,0.2664,0.27466,65.862,0.69396,,,,
31/12/2019,St. Vincent and the Grenadines,"910,000,000",1.11433,0.27501,0.30188,66.928,0.68121,,,,
31/12/2020,St. Vincent and the Grenadines,"872,000,000",1.10758,0.28432,0.33717,76.5,0.79245,,,,
31/12/2021,St. Vincent and the Grenadines,"873,000,000",1.12481,0.31461,0.36278,86.738,0.89354,,,,
31/12/2022,St. Vincent and the Grenadines,"953,000,000",1.19249,0.29551,0.35703,85.472,0.87781,,,,
31/12/2017,Sudan,"48,906,000,000",7.83159,0.06743,0.12806,,1.49539,,,,
31/12/2018,Sudan,"33,432,000,000",12.79,0.08914,0.1684,,1.86741,,,,
31/12/2019,Sudan,"33,564,000,000",19.31,0.07845,0.18664,,2.00349,,,,
31/12/2020,Sudan,"34,381,000,000",50.83,0.04823,0.10755,,2.70371,,,,
31/12/2021,Sudan,"35,151,000,000",233.38,0.09361,0.09643,,1.84343,,,,
31/12/2022,Sudan,"31,460,000,000",805.48,0.09751,0.1246,,2.841,,,,
31/12/2017,Suriname,"3,592,000,000",1.25975,0.2012,0.27199,,0.71452,,,,
31/12/2018,Suriname,"3,996,000,000",1.34717,0.20903,0.26152,,0.66144,,,,
31/12/2019,Suriname,"3,984,000,000",1.40633,0.20438,0.42325,,0.85236,,,,
31/12/2020,Suriname,"2,884,000,000",1.897,0.18423,0.31802,,1.47703,,,,
31/12/2021,Suriname,"2,854,000,000",3.01843,0.27149,0.34432,,1.25318,,,,
31/12/2022,Suriname,"2,988,000,000",4.192,0.27324,0.31022,,1.32176,,,,
31/12/2017,Sweden,"541,019,000,000",1.03021,0.49654,0.48231,6.202,0.4073,,,,
31/12/2018,Sweden,"555,455,000,000",1.05118,0.49595,0.48777,5.86,0.38908,,,,
31/12/2019,Sweden,"533,880,000,000",1.06928,0.4862,0.48056,4.312,0.34894,,,,
31/12/2020,Sweden,"541,487,000,000",1.07632,0.4862,0.5144,8.663,0.39628,,,,
31/12/2021,Sweden,"627,438,000,000",1.10485,0.4957,0.50581,8.598,0.37296,,,,
31/12/2022,Sweden,"621,241,000,000",1.15784,0.48715,0.4937,8.599,0.3511,,,,
31/12/2017,Switzerland,"704,710,000,000",0.99861,0.33131,0.32015,20.496,0.41208,,,,
31/12/2018,Switzerland,"736,025,000,000",1.00794,0.32561,0.31289,18.482,0.39237,,,,
31/12/2019,Switzerland,"732,472,000,000",1.01158,0.32806,0.31484,17.734,0.39796,,,,
31/12/2020,Switzerland,"751,743,000,000",1.00422,0.33661,0.36481,19.943,0.42383,,,,
31/12/2021,Switzerland,"812,552,000,000",1.01007,0.33156,0.35091,21.878,0.42225,,,,
31/12/2022,Switzerland,"841,969,000,000",1.03535,0.3299,0.33936,21.117,0.41464,,,,
31/12/2017,Taiwan Province of China,"590,733,000,000",1.01087,0.1531,0.17332,32.631,0.34514,,,,
31/12/2018,Taiwan Province of China,"609,198,000,000",1.02607,0.15503,0.17369,32.032,0.33915,,,,
31/12/2019,Taiwan Province of China,"611,396,000,000",1.03167,0.15505,0.17281,30.843,0.32726,,,,
31/12/2020,Taiwan Province of China,"669,250,000,000",1.0298,0.15335,0.18258,30.715,0.32598,,,,
31/12/2021,Taiwan Province of China,"789,505,000,000",1.04856,0.15635,0.16814,26.584,0.28466,,,,
31/12/2022,Taiwan Province of China,"841,209,000,000",1.07268,0.15935,0.17094,24.477,0.2636,,,,
31/12/2017,Tajikistan,"7,535,000,000",13.65,0.28129,0.33784,,0.47685,,,,
31/12/2018,Tajikistan,"7,762,000,000",14.17,0.28181,0.30875,,0.46328,,,,
31/12/2019,Tajikistan,"8,301,000,000",15.28,0.26773,0.28826,,0.4309,,,,
31/12/2020,Tajikistan,"8,134,000,000",16.59,0.24824,0.29164,,0.50444,,,,
31/12/2021,Tajikistan,"8,474,000,000",18.04,0.25085,0.27101,,0.46461,,,,
31/12/2022,Tajikistan,"7,820,000,000",19.84,0.24901,0.27901,,0.53668,,,,
31/12/2017,Tanzania,"53,227,000,000",3.32304,0.15415,0.16573,,0.40732,,,,
31/12/2018,Tanzania,"56,699,000,000",3.43963,0.14674,0.16606,,0.40544,,,,
31/12/2019,Tanzania,"60,810,000,000",3.55822,0.14643,0.16623,,0.39036,,,,
31/12/2020,Tanzania,"64,403,000,000",3.67525,0.14569,0.17073,,0.40528,,,,
31/12/2021,Tanzania,"70,281,000,000",3.81086,0.14621,0.17898,,0.40792,,,,
31/12/2022,Tanzania,"77,506,000,000",3.97767,0.15424,0.18685,,0.39815,,,,
31/12/2017,Thailand,"456,523,000,000",0.9825,0.21097,0.21522,,0.41778,,,,
31/12/2018,Thailand,"506,547,000,000",0.99297,0.21416,0.21352,,0.41941,,,,
31/12/2019,Thailand,"544,027,000,000",0.99998,0.21005,0.2182,,0.41058,,,,
31/12/2020,Thailand,"500,293,000,000",0.99151,0.20652,0.25365,,0.49752,,,,
31/12/2021,Thailand,"513,165,000,000",1.00372,0.20295,0.28141,,0.5804,,,,
31/12/2022,Thailand,"522,012,000,000",1.03896,0.20124,0.26183,,0.62682,,,,
31/12/2017,Timor-Leste,"1,616,000,000",0.97708,0.5248,0.85612,,0.06578,,,,
31/12/2018,Timor-Leste,"1,584,000,000",0.9995,0.57599,0.84031,,0.09148,,,,
31/12/2019,Timor-Leste,"2,048,000,000",1.00842,0.42901,0.68148,,0.09375,,,,
31/12/2020,Timor-Leste,"1,902,000,000",1.01333,0.47817,0.69304,,0.11473,,,,
31/12/2021,Timor-Leste,"2,362,000,000",1.05158,0.39712,0.69227,,0.09855,,,,
31/12/2022,Timor-Leste,"1,920,000,000",1.11468,0.51005,0.90581,,0.14074,,,,
31/12/2017,Togo,"6,393,000,000",1.02441,0.16043,0.16251,,0.56609,,,,
31/12/2018,Togo,"7,115,000,000",1.03392,0.17993,0.18577,,0.57004,,,,
31/12/2019,Togo,"7,221,000,000",1.04102,0.17655,0.16042,,0.52352,,,,
31/12/2020,Togo,"7,586,000,000",1.06008,0.16238,0.23113,,0.6028,,,,
31/12/2021,Togo,"8,418,000,000",1.10588,0.16262,0.2277,,0.63842,,,,
31/12/2022,Togo,"8,699,000,000",1.1564,0.18755,0.23693,,0.63566,,,,
31/12/2017,Tonga,"460,000,000",0.90476,0.43225,0.39649,,0.44679,,,,
31/12/2018,Tonga,"481,000,000",0.96612,0.42602,0.39678,,0.45871,,,,
31/12/2019,Tonga,"512,000,000",0.99786,0.41681,0.38519,,0.41281,,,,
31/12/2020,Tonga,"494,000,000",1.00208,0.4383,0.38497,,0.43252,,,,
31/12/2021,Tonga,"501,000,000",1.01625,0.44319,0.44684,,0.44683,,,,
31/12/2022,Tonga,"528,000,000",1.07863,0.51763,0.51861,,0.4291,,,,
31/12/2017,Trinidad and Tobago,"23,180,000,000",1.22192,0.21201,0.32017,-8.815,0.41479,,,,
31/12/2018,Trinidad and Tobago,"23,821,000,000",1.23437,0.24529,0.30473,-9.661,0.41833,,,,
31/12/2019,Trinidad and Tobago,"23,886,000,000",1.24672,0.26954,0.30628,-1.48,0.45413,,,,
31/12/2020,Trinidad and Tobago,"21,393,000,000",1.25419,0.22767,0.34341,9.027,0.59273,,,,
31/12/2021,Trinidad and Tobago,"21,385,000,000",1.26803,0.2501,0.35135,12.535,0.66119,,,,
31/12/2022,Trinidad and Tobago,"25,342,000,000",1.32685,0.26261,0.31424,13.8,0.62602,,,,
31/12/2017,Tunisia,"42,167,000,000",1.09131,0.23117,0.28725,,0.69126,,,,
31/12/2018,Tunisia,"42,687,000,000",1.17106,0.24419,0.28685,,0.74779,,,,
31/12/2019,Tunisia,"41,772,000,000",1.24977,0.26012,0.29626,,0.68972,,,,
31/12/2020,Tunisia,"42,502,000,000",1.3202,0.25471,0.34526,,0.82877,,,,
31/12/2021,Tunisia,"46,479,000,000",1.39554,0.25791,0.33507,,0.82028,,,,
31/12/2022,Tunisia,"45,642,000,000",1.50336,0.28462,0.35875,,0.87282,,,,
31/12/2017,Turkey,"858,932,000,000",7.79694,7.60516,7.19919,806.804,6.9238,,,,
31/12/2018,Turkey,"312,144,000,000",3.63125,4.18236,4.69591,561.614,9.01167,,,,
31/12/2019,Turkey,"31,163,000,000",0.30823,0.30919,0.2887,28.04,0.28451,,,,
31/12/2020,Turkey,"33,345,000,000",0.34558,0.35668,0.33962,31.547,0.35348,,,,
31/12/2021,Turkey,"22,115,000,000",0.24303,0.2556,0.30829,38.248,0.38713,,,,
31/12/2022,Turkey,"28,027,000,000",0.30169,0.32663,0.39518,41.646,0.43692,,,,
31/12/2017,Turkmenistan,"46,365,000,000",4.23395,0.12212,0.14534,,0.19781,,,,
31/12/2018,Turkmenistan,"48,686,000,000",4.79706,0.1132,0.115,,0.18898,,,,
31/12/2019,Turkmenistan,"52,961,000,000",5.0413,0.11242,0.11583,,0.15293,,,,
31/12/2020,Turkmenistan,"53,187,000,000",5.4236,0.11442,0.11577,,0.13122,,,,
31/12/2021,Turkmenistan,"63,428,000,000",6.23443,0.10446,0.1054,,0.10575,,,,
31/12/2022,Turkmenistan,"76,591,000,000",7.32546,0.11335,0.10212,,0.07244,,,,
31/12/2017,Tuvalu,"45,000,000",1.56089,1.08571,1.06476,,0.1205,,,,
31/12/2018,Tuvalu,"48,000,000",1.5946,1.56094,1.25767,,0.11835,,,,
31/12/2019,Tuvalu,"54,000,000",1.65029,1.11707,1.12772,,0.11525,,,,
31/12/2020,Tuvalu,"55,000,000",1.6762,1.22155,1.14422,,0.07292,,,,
31/12/2021,Tuvalu,"63,000,000",1.72565,1.00803,0.94717,,0.06024,,,,
31/12/2022,Tuvalu,"66,000,000",1.80085,1.09509,1.07963,,0.04869,,,,
31/12/2017,Uganda,"31,399,000,000",1.02461,0.12733,0.16284,,0.33638,,,,
31/12/2018,Uganda,"34,203,000,000",1.05148,0.13152,0.16172,,0.34924,,,,
31/12/2019,Uganda,"38,058,000,000",1.07613,0.1347,0.18292,,0.37641,,,,
31/12/2020,Uganda,"37,444,000,000",1.1058,0.13944,0.21427,,0.46411,,,,
31/12/2021,Uganda,"42,480,000,000",1.13021,0.14357,0.22149,,0.51621,,,,
31/12/2022,Uganda,"46,377,000,000",1.19915,0.14769,0.20378,,0.53116,,,,
31/12/2017,Ukraine,"112,114,000,000","734,010.83",0.39291,0.41585,,0.7162,,,,
31/12/2018,Ukraine,"130,916,000,000","814,360.69",0.39572,0.41722,,0.60424,,,,
31/12/2019,Ukraine,"153,997,000,000","878,579.48",0.39382,0.41348,,0.50492,,,,
31/12/2020,Ukraine,"155,300,000,000","902,648.60",0.39968,0.45928,,0.61001,,,,
31/12/2021,Ukraine,"198,316,000,000","987,142.15",0.36573,0.4055,,0.48975,,,,
31/12/2017,United Arab Emirates,"385,605,000,000",2.75261,0.28557,0.30238,,0.21623,,,,
31/12/2018,United Arab Emirates,"422,215,000,000",2.83708,0.30025,0.28902,,0.20878,,,,
31/12/2019,United Arab Emirates,"417,216,000,000",2.78228,0.30732,0.30296,,0.27086,,,,
31/12/2020,United Arab Emirates,"358,869,000,000",2.72457,0.27912,0.33105,,0.40399,,,,
31/12/2021,United Arab Emirates,"409,967,000,000",2.72976,0.31733,0.31406,,0.38255,,,,
31/12/2022,United Arab Emirates,"501,354,000,000",2.82962,0.37938,0.29878,,0.31682,,,,
31/12/2017,United Kingdom,"2,701,270,000,000",1.03361,0.36431,0.38783,75.714,0.85146,,,,
31/12/2018,United Kingdom,"2,904,510,000,000",1.05922,0.36279,0.38439,74.808,0.8449,,,,
31/12/2019,United Kingdom,"2,880,360,000,000",1.07819,0.36038,0.38248,74.058,0.8385,,,,
31/12/2020,United Kingdom,"2,758,870,000,000",1.08736,0.3616,0.48921,90.186,1.02608,,,,
31/12/2021,United Kingdom,"3,187,630,000,000",1.11551,0.36888,0.44874,84.272,0.95348,,,,
31/12/2022,United Kingdom,"3,376,000,000,000",1.19816,0.37349,0.41665,76.108,0.87831,,,,
31/12/2017,United States,"19,479,630,000,000",2.45121,0.30835,0.35461,80.32,1.06204,,,,
31/12/2018,United States,"20,527,150,000,000",2.51099,0.30137,0.35575,81.181,1.07476,,,,
31/12/2019,United States,"21,372,600,000,000",2.55647,0.3008,0.35808,83.045,1.088,,,,
31/12/2020,United States,"20,893,750,000,000",2.58838,0.30804,0.45296,98.685,1.34238,,,,
31/12/2021,United States,"22,997,500,000,000",2.70965,0.31217,0.41395,101.271,1.32628,,,,
31/12/2022,United States,"25,346,810,000,000",2.91781,0.3198,0.36757,95.843,1.25575,,,,
31/12/2017,Uruguay,"64,234,000,000",1.70095,0.27544,0.30051,45.717,0.5652,,,,
31/12/2018,Uruguay,"64,515,000,000",1.83033,0.2882,0.30691,47.895,0.58567,,,,
31/12/2019,Uruguay,"61,231,000,000",1.9746,0.28312,0.3107,51.188,0.60456,,,,
31/12/2020,Uruguay,"53,561,000,000",2.16725,0.28124,0.32793,57.919,0.68143,,,,
31/12/2021,Uruguay,"59,368,000,000",2.33517,0.2831,0.30927,57.384,0.67507,,,,
31/12/2022,Uruguay,"64,283,000,000",2.49772,0.26515,0.28977,55.63,0.65653,,,,
31/12/2017,Uzbekistan,"61,018,000,000",2.0607,0.23557,0.22352,,0.19274,,,,
31/12/2018,Uzbekistan,"52,618,000,000",2.42182,0.26958,0.24933,,0.19714,,,,
31/12/2019,Uzbekistan,"59,907,000,000",2.77361,0.2788,0.27285,,0.2836,,,,
31/12/2020,Uzbekistan,"59,893,000,000",3.13051,0.26356,0.28873,,0.37601,,,,
31/12/2021,Uzbekistan,"69,202,000,000",3.47014,0.25983,0.30631,,0.36782,,,,
31/12/2022,Uzbekistan,"73,060,000,000",3.87839,0.28989,0.32445,,0.39355,,,,
31/12/2017,Vanuatu,"880,000,000",1.512,0.35935,0.37135,,0.52629,,,,
31/12/2018,Vanuatu,"929,000,000",1.548,0.39508,0.33253,,0.45261,,,,
31/12/2019,Vanuatu,"930,000,000",1.59,0.42631,0.3982,,0.46181,,,,
31/12/2020,Vanuatu,"994,000,000",1.675,0.42011,0.43985,,0.4939,,,,
31/12/2021,Vanuatu,"950,000,000",1.72534,0.45331,0.43024,,0.47325,,,,
31/12/2022,Vanuatu,"1,015,000,000",1.80884,0.45256,0.49441,,0.49195,,,,
31/12/2017,Venezuela,"143,841,000,000",278.97,0.14711,0.37702,,0.26004,,,,
31/12/2018,Venezuela,"98,400,000,000","182,651.46",0.17421,0.48421,,1.80789,,,,
31/12/2019,Venezuela,"63,960,000,000","36,541,296.40",0.11358,0.21359,,2.32787,,,,
31/12/2020,Venezuela,"47,255,000,000","897,142,631.01",0.05881,0.10929,,3.04127,,,,
31/12/2021,Venezuela,"46,501,000,000","15,148,371,234.21",0.05636,0.10149,,3.06953,,,,
31/12/2017,Vietnam,"277,071,000,000",2.56785,0.19565,0.21529,,0.4632,,,,
31/12/2018,Vietnam,"303,091,000,000",2.65875,0.19547,0.20573,,0.43712,,,,
31/12/2019,Vietnam,"327,873,000,000",2.73311,0.19648,0.2005,,0.41292,,,,
31/12/2020,Vietnam,"342,941,000,000",2.82118,0.18535,0.22444,,0.41668,,,,
31/12/2021,Vietnam,"366,201,000,000",2.87395,0.15961,0.20121,,0.40182,,,,
31/12/2022,Vietnam,"408,947,000,000",2.98453,0.15374,0.20394,,0.41261,,,,
31/12/2017,West Bank and Gaza,"16,128,000,000",1.00195,0.26592,0.29372,,0.31785,,,,
31/12/2018,West Bank and Gaza,"16,277,000,000",0.99999,0.24629,0.27086,,0.33145,,,,
31/12/2019,West Bank and Gaza,"17,134,000,000",1.01556,0.22599,0.27078,,0.34469,,,,
31/12/2020,West Bank and Gaza,"15,532,000,000",1.00833,0.24487,0.32204,,0.47284,,,,
31/12/2021,West Bank and Gaza,"17,775,000,000",1.02082,0.24875,0.30179,,0.49285,,,,
31/12/2022,West Bank and Gaza,"19,698,000,000",1.04966,0.25481,0.29956,,0.44617,,,,
31/12/2017,Yemen,"26,842,000,000",8.58625,0.03488,0.08392,76.559,0.77426,,,,
31/12/2018,Yemen,"21,606,000,000",10.96,0.06417,0.14264,73.795,0.74544,,,,
31/12/2019,Yemen,"21,888,000,000",12.27,0.07322,0.1289,75.839,0.76527,,,,
31/12/2020,Yemen,"18,840,000,000",15.11,0.06537,0.11766,83.55,0.84169,,,,
31/12/2021,Yemen,"22,018,000,000",24.74,0.05698,0.10729,62.681,0.63062,,,,
31/12/2022,Yemen,"28,134,000,000",39.51,0.05641,0.10328,43.641,0.43875,,,,
31/12/2017,Zambia,"25,874,000,000",1.9574,0.17475,0.24974,63.457,0.66317,,,,
31/12/2018,Zambia,"26,312,000,000",2.09427,0.19424,0.27733,77.958,0.80517,,,,
31/12/2019,Zambia,"23,309,000,000",2.28591,0.20413,0.2982,97.391,0.99734,,,,
31/12/2020,Zambia,"18,111,000,000",2.64555,0.20299,0.34081,138.091,1.40211,,,,
31/12/2021,Zambia,"20,753,000,000",3.18789,0.23816,0.32478,121.477,1.23172,,,,
31/12/2017,Zimbabwe,"21,385,000,000",0.59242,0.18097,0.28732,,0.74075,,,,
31/12/2018,Zimbabwe,"36,943,000,000",0.65526,0.14864,0.20293,,0.51004,,,,
31/12/2019,Zimbabwe,"22,995,000,000",2.32807,0.12257,0.13254,,0.93216,,,,
31/12/2020,Zimbabwe,"23,146,000,000",15.3,0.15416,0.14652,,1.02647,,,,
31/12/2021,Zimbabwe,"32,568,000,000",30.38,0.17162,0.19204,,0.67565,,,,
31/12/2022,Zimbabwe,"36,387,000,000",56.71,0.16951,0.19522,,0.67224,,,,
