Data Source,World Development Indicators,,,,,,,,,,,,,,,,,,,,,,,,,,,,,,,,,,,,,,,,,,,,,,,,,,,,,,,,,,,,,,,,,,
,,,,,,,,,,,,,,,,,,,,,,,,,,,,,,,,,,,,,,,,,,,,,,,,,,,,,,,,,,,,,,,,,,,
Last Updated Date,28/3/2024,,,,,,,,,,,,,,,,,,,,,,,,,,,,,,,,,,,,,,,,,,,,,,,,,,,,,,,,,,,,,,,,,,
,,,,,,,,,,,,,,,,,,,,,,,,,,,,,,,,,,,,,,,,,,,,,,,,,,,,,,,,,,,,,,,,,,,
Country Name,Country Code,Indicator Name,Indicator Code,1960,1961,1962,1963,1964,1965,1966,1967,1968,1969,1970,1971,1972,1973,1974,1975,1976,1977,1978,1979,1980,1981,1982,1983,1984,1985,1986,1987,1988,1989,1990,1991,1992,1993,1994,1995,1996,1997,1998,1999,2000,2001,2002,2003,2004,2005,2006,2007,2008,2009,2010,2011,2012,2013,2014,2015,2016,2017,2018,2019,2020,2021,2022,2023
Aruba,ABW,"Armed forces personnel, total",MS.MIL.TOTL.P1,,,,,,,,,,,,,,,,,,,,,,,,,,,,,,,,,,,,,,,,,,,,,,,,,,,,,,,,,,,,,,,,
Africa Eastern and Southern,AFE,"Armed forces personnel, total",MS.MIL.TOTL.P1,,,,,,,,,,,,,,,,,,,,,,,,,,732300,,,,912000,922000,814000,800000,850000,794000,1342300,1296000,1248390,1284350,1341150,1387500,1239200,1196200,1135900,1118650,1123450,,1116450,1124450,1147823,1287823,1474402,1475640,1456740,1467840,1458640,1336740,1314000,1343720,1344000,1200000,1205588.571,1168952.143,1132315.714
Afghanistan,AFG,"Armed forces personnel, total",MS.MIL.TOTL.P1,,,,,,,,,,,,,,,,,,,,,,,,,,47000,,,,55000,58000,45000,45000,45000,45000,383000,429000,429000,400000,400000,400000,,120000,130000,27000,27000,51000,51000,94000,255745,306800,340350,338150,330650,308800,319400,323000,323000,272900,278000,165000,203685.7143,183532.1429,163378.5714
Africa Western and Central,AFW,"Armed forces personnel, total",MS.MIL.TOTL.P1,,,,,,,,,,,,,,,,,,,,,,,,,,218530,,,,326000,334000,334000,283000,271000,268000,356000,363600,375270,357100,363650,337700,403600,413350,408200,381800,410800,,410000,407000,407988,389358,384420,385170,389170,419170,457670,459800,476000,499750,607000,532000,589784.2857,613966.4286,638148.5714
Angola,AGO,"Armed forces personnel, total",MS.MIL.TOTL.P1,,,,,,,,,,,,,,,,,,,,,,,,,,49500,,,,107000,115000,150000,128000,128000,120000,122000,106400,125500,129000,127500,117500,145500,110000,130000,118000,118000,110000,117000,117000,117000,117000,117000,117000,117000,117000,117000,117000,117000,117000,117000,117000,117000,117000,117000
Albania,ALB,"Armed forces personnel, total",MS.MIL.TOTL.P1,,,,,,,,,,,,,,,,,,,,,,,,,,40400,,,,,,,65000,65000,65000,86500,67500,67500,67500,67500,67500,40500,27000,22000,21500,22500,11500,14500,14500,14745,14745,14750,14750,8500,8500,8500,8500,9000,9000,8000,8000,8214.285714,8142.857143,8071.428571
Andorra,AND,"Armed forces personnel, total",MS.MIL.TOTL.P1,,,,,,,,,,,,,,,,,,,,,,,,,,,,,,,,,,,,,,,,,,,,,,,,,,,,,,,,,,,,,,,,
Arab World,ARB,"Armed forces personnel, total",MS.MIL.TOTL.P1,,,,,,,,,,,,,,,,,,,,,,,,,,2712700,,,,2885000,3340000,2422000,2276000,2276000,2223000,3089500,3173100,3223150,3256750,3125800,3200800,3200400,3166200,3164800,2929000,3051000,3260000,3264000,3480000,3578675,3598680,3513260,3542060,2866760,2881760,2881560,2781410,2737000,2846300,2899000,3070000,2965931.429,2989663.214,3013395
United Arab Emirates,ARE,"Armed forces personnel, total",MS.MIL.TOTL.P1,,,,,,,,,,,,,,,,,,,,,,,,,,43000,,,,43000,66000,66000,55000,55000,60000,71000,65500,65500,65500,65500,66000,66000,41500,50500,50000,51000,51000,51000,51000,51000,51000,51000,51000,63000,63000,63000,63000,63000,63000,63000,63000,63000,63000,63000
Argentina,ARG,"Armed forces personnel, total",MS.MIL.TOTL.P1,,,,,,,,,,,,,,,,,,,,,,,,,,108000,,,,95000,85000,70000,65000,65000,69000,98500,103700,104240,104240,101740,102300,101300,101100,102600,102000,102000,107000,107000,107000,104340,104340,104350,104350,105650,105650,105450,105450,105000,105200,103000,103000,102807.1429,102339.2857,101871.4286
Armenia,ARM,"Armed forces personnel, total",MS.MIL.TOTL.P1,,,,,,,,,,,,,,,,,,,,,,,,,,,,,,,,,20000,21000,45000,61000,58400,61000,54400,54400,42300,43000,45600,45600,49000,49000,47000,42000,42000,55570,55528,55544,49100,49100,49100,49100,49100,49000,48800,49000,47000,47757.14286,47514.28571,47271.42857
American Samoa,ASM,"Armed forces personnel, total",MS.MIL.TOTL.P1,,,,,,,,,,,,,,,,,,,,,,,,,,,,,,,,,,,,,,,,,,,,,,,,,,,,,,,,,,,,,,,,
Antigua and Barbuda,ATG,"Armed forces personnel, total",MS.MIL.TOTL.P1,,,,,,,,,,,,,,,,,,,,,,,,,,100,,,,,,,,,,200,200,150,150,200,200,200,200,200,170,170,170,170,,170,170,180,180,180,180,180,180,0,0,0,0,-77.14285714,-115.7142857,-154.2857143
Australia,AUS,"Armed forces personnel, total",MS.MIL.TOTL.P1,,,,,,,,,,,,,,,,,,,,,,,,,,70400,,,,70000,68000,68000,68000,68000,65000,57100,58800,58400,58400,56200,51600,51700,50900,53600,52000,53000,51000,55000,55000,56552,56552,57050,56200,56750,56750,57800,57800,58000,58100,59000,60000,59985.71429,60430.35714,60875
Austria,AUT,"Armed forces personnel, total",MS.MIL.TOTL.P1,,,,,,,,,,,,,,,,,,,,,,,,,,54700,,,,48000,43000,44000,44000,45000,45000,55800,55800,45500,45500,40500,40500,34600,34600,34600,39000,40000,40000,35000,35000,25900,25758,23250,22800,22500,22500,21350,22400,21000,22850,22000,23000,22621.42857,22737.5,22853.57143
Azerbaijan,AZE,"Armed forces personnel, total",MS.MIL.TOTL.P1,,,,,,,,,,,,,,,,,,,,,,,,,,,,,,,,,43000,45000,50000,126700,110700,106700,87150,84900,87100,87100,87100,81500,81000,82000,82000,82000,82000,81940,81940,81950,81950,81950,81950,81950,81950,82000,81950,82000,82000,82007.14286,82016.07143,82025
Burundi,BDI,"Armed forces personnel, total",MS.MIL.TOTL.P1,,,,,,,,,,,,,,,,,,,,,,,,,,5200,,,,11000,12000,12000,13000,13000,17000,14600,22000,22000,43500,45500,45500,51000,51000,56000,81000,82000,,51000,51000,51050,51050,51050,51000,51050,51050,41000,51050,31000,51050,51000,31000,38142.85714,36708.92857,35275
Belgium,BEL,"Armed forces personnel, total",MS.MIL.TOTL.P1,,,,,,,,,,,,,,,,,,,,,,,,,,91600,,,,110000,106000,101000,79000,70000,53000,47200,46300,44450,43700,41750,39300,39400,39200,40800,36000,37000,40000,39000,39000,39482,35736,34050,30700,37500,37600,36350,33800,32000,31500,26000,24000,22492.85714,20214.28571,17935.71429
Benin,BEN,"Armed forces personnel, total",MS.MIL.TOTL.P1,,,,,,,,,,,,,,,,,,,,,,,,,,4500,,,,5000,6000,7000,7000,8000,8000,7300,7300,7300,7300,7300,7300,7300,7100,7100,6000,8000,,8000,8000,7250,7250,9450,9450,9450,9450,9750,9750,12000,12250,12000,12000,13121.42857,13644.64286,14167.85714
Burkina Faso,BFA,"Armed forces personnel, total",MS.MIL.TOTL.P1,,,,,,,,,,,,,,,,,,,,,,,,,,4000,,,,8000,10000,10000,9000,9000,9000,10300,10300,10000,10250,10300,11300,14200,14400,15000,10250,11250,,11250,11250,11450,11450,11450,11450,11450,11450,11450,11450,11000,11200,11000,11000,10864.28571,10775,10685.71429
Bangladesh,BGD,"Armed forces personnel, total",MS.MIL.TOTL.P1,,,,,,,,,,,,,,,,,,,,,,,,,,91300,,,,103000,103000,107000,107000,107000,113000,170500,167200,170700,170700,192200,137000,200200,200200,188700,251000,252000,214000,221000,221000,220953,220953,220950,220950,220950,220950,220950,220950,221000,227050,227000,227000,228750,230048.2143,231346.4286
Bulgaria,BGR,"Armed forces personnel, total",MS.MIL.TOTL.P1,,,,,,,,,,,,,,,,,,,,,,,,,,148500,,,,150000,129000,107000,99000,52000,80000,135900,137500,135500,135500,114760,113800,111300,102400,85000,85000,85000,75000,75000,75000,65315,65315,47300,47300,47300,47300,47300,31300,31000,36950,37000,37000,31714.28571,30076.78571,28439.28571
Bahrain,BHR,"Armed forces personnel, total",MS.MIL.TOTL.P1,,,,,,,,,,,,,,,,,,,,,,,,,,2800,,,,5000,8000,8000,7000,7000,8000,20000,20300,20850,20850,21150,21200,21200,20900,21400,21000,21000,19000,19000,19000,19460,19460,19460,19460,19460,19460,19460,19460,19000,19200,19000,19000,18860,18768.57143,18677.14286
"Bahamas, The",BHS,"Armed forces personnel, total",MS.MIL.TOTL.P1,,,,,,,,,,,,,,,,,,,,,,,,,,500,,,,,,,,,,2100,3200,3160,3160,3200,3200,3200,900,900,860,860,860,860,1000,860,860,850,850,1300,1300,1300,1300,1000,1300,2000,2000,1957.142857,2082.142857,2207.142857
Bosnia and Herzegovina,BIH,"Armed forces personnel, total",MS.MIL.TOTL.P1,,,,,,,,,,,,,,,,,,,,,,,,,,,,,,,,,60000,,70000,92000,227000,86000,86000,86000,76000,24000,19800,18800,24000,12000,9000,9000,9000,10577,10577,10550,10500,10500,10500,10500,10500,11000,10500,11000,11000,11071.42857,11160.71429,11250
Byelarus,BLR,"Armed forces personnel, total",MS.MIL.TOTL.P1,,,,,,,,,,,,,,,,,,,,,,,,,,,,,,,,,102000,115000,65000,106400,93500,89800,91000,103900,91100,192900,189800,182900,182000,183000,183000,183000,183000,182940,182940,158000,158000,158000,158000,158000,155350,155000,155350,155000,158000,155528.5714,155314.2857,155100
Belize,BLZ,"Armed forces personnel, total",MS.MIL.TOTL.P1,,,,,,,,,,,,,,,,,,,,,,,,,,600,,,,1000,1000,1000,1000,1000,1000,1100,1100,1050,1050,1050,1100,1100,1100,1100,1000,1000,1000,1000,1000,1050,1050,1050,1050,1050,1050,1500,1500,2000,1500,2000,2000,2200,2337.5,2475
Bermuda,BMU,"Armed forces personnel, total",MS.MIL.TOTL.P1,,,,,,,,,,,,,,,,,,,,,,,,,,,,,,,,,,,,,,,,,,,,,,,,,,,,,,,,,,,,,,,,
Bolivia,BOL,"Armed forces personnel, total",MS.MIL.TOTL.P1,,,,,,,,,,,,,,,,,,,,,,,,,,27600,,,,30000,30000,33000,32000,32000,28000,64100,64100,70600,70600,69600,69600,68600,68600,68600,68000,70000,83000,83000,83000,83200,83200,83200,83200,83200,71200,71200,71200,71000,71100,71000,71000,70942.85714,70903.57143,70864.28571
Brazil,BRA,"Armed forces personnel, total",MS.MIL.TOTL.P1,,,,,,,,,,,,,,,,,,,,,,,,,,276000,,,,319000,295000,295000,296000,296000,296000,680600,680600,700300,698850,676600,673200,673200,673200,673200,687000,673000,754000,721000,721000,713480,713480,713480,713480,713480,729500,729500,729500,730000,761500,762000,762000,771214.2857,778160.7143,785107.1429
Barbados,BRB,"Armed forces personnel, total",MS.MIL.TOTL.P1,,,,,,,,,,,,,,,,,,,,,,,,,,1000,,,,,,,,,,600,600,600,610,610,600,600,600,600,610,610,610,610,1000,610,610,610,610,610,610,610,610,1000,610,1000,1000,1055.714286,1125.357143,1195
Brunei,BRN,"Armed forces personnel, total",MS.MIL.TOTL.P1,,,,,,,,,,,,,,,,,,,,,,,,,,4100,,,,4000,4000,4000,4000,4000,5000,9000,9100,9050,9050,8750,8800,9700,10700,10700,10000,11000,9000,9000,9000,9250,9250,9250,9250,9250,9250,9250,12100,8000,8200,8000,8000,7521.428571,7158.928571,6796.428571
Bhutan,BTN,"Armed forces personnel, total",MS.MIL.TOTL.P1,,,,,,,,,,,,,,,,,,,,,,,,,,3000,,,,,,,5000,5000,5000,4000,5000,6000,7000,7000,6000,,,,,,,,,,,,,,,,,,,,,,,
Botswana,BWA,"Armed forces personnel, total",MS.MIL.TOTL.P1,,,,,,,,,,,,,,,,,,,,,,,,,,4000,,,,6000,6000,7000,7000,7000,7000,8500,8500,8500,9500,10000,10000,10000,10500,10500,10000,11000,11000,11000,11000,10500,10500,10500,10500,10500,10500,9000,9000,9000,9000,9000,9000,8571.428571,8410.714286,8250
Central African Republic,CAF,"Armed forces personnel, total",MS.MIL.TOTL.P1,,,,,,,,,,,,,,,,,,,,,,,,,,2300,,,,5000,4000,4000,4000,4000,4000,5000,5000,5000,4950,5000,5400,4200,3550,3600,2000,3000,,3000,3000,3150,3150,3150,8150,8150,8150,8150,8150,8000,10150,10000,10000,10550,10951.78571,11353.57143
Canada,CAN,"Armed forces personnel, total",MS.MIL.TOTL.P1,,,,,,,,,,,,,,,,,,,,,,,,,,83000,,,,88000,87000,86000,82000,76000,75000,75700,79800,72700,69950,69950,68500,66100,61600,61600,71000,71000,64000,64000,64000,65722,65700,65700,66000,65700,70200,67500,67500,72000,72400,72000,72000,73271.42857,73960.71429,74650
Central Europe and the Baltics,CEB,"Armed forces personnel, total",MS.MIL.TOTL.P1,,,,,,,,,,,,,,,,,,,,,,,,,,763000,,,,816000,662000,700000,755000,829000,839000,1139000,1064650,1029750,1019730,981920,945000,777800,717800,663800,595000,601000,544000,532000,522000,493193,488712,465900,519910,515860,522010,521590,510860,498000,516745,508000,525000,512840,512399.8214,511959.6429
Switzerland,CHE,"Armed forces personnel, total",MS.MIL.TOTL.P1,,,,,,,,,,,,,,,,,,,,,,,,,,20000,,,,17000,22000,22000,31000,35000,39000,31400,27300,26260,26300,27700,27700,26800,27600,27500,4000,109000,23000,23000,23000,25620,25287,23100,22650,21250,20800,20950,20950,21000,21450,20000,20000,20192.85714,20057.14286,19921.42857
Channel Islands,CHI,"Armed forces personnel, total",MS.MIL.TOTL.P1,,,,,,,,,,,,,,,,,,,,,,,,,,,,,,,,,,,,,,,,,,,,,,,,,,,,,,,,,,,,,,,,
Chile,CHL,"Armed forces personnel, total",MS.MIL.TOTL.P1,,,,,,,,,,,,,,,,,,,,,,,,,,101000,,,,95000,95000,90000,92000,92000,102000,130000,120900,125500,124000,122500,116500,122200,117300,114100,116000,116000,103000,103000,103000,103771,103771,103750,106100,106100,109450,109450,121900,122000,122200,122000,114000,122864.2857,124258.9286,125653.5714
China,CHN,"Armed forces personnel, total",MS.MIL.TOTL.P1,,,,,,,,,,,,,,,,,,,,,,,,,,3900000,,,,3900000,3500000,3200000,3160000,3030000,2930000,4130000,4135000,3640000,3820000,3820000,3910000,3810000,3770000,3750000,3755000,3755000,3605000,2885000,2885000,2945000,2945000,2945000,2993000,2993000,2993000,2843000,2695000,2695000,2695000,2535000,2535000,2428714.286,2357642.857,2286571.429
Ivory Coast,CIV,"Armed forces personnel, total",MS.MIL.TOTL.P1,,,,,,,,,,,,,,,,,,,,,,,,,,,,,,15000,15000,15000,15000,15000,15000,15000,15000,15000,15000,15000,,,,,18000,19000,,19000,19000,18550,,,,,25000,25000,25000,27000,27000,134000,27000,73714.28571,81785.71429,89857.14286
Cameroon,CMR,"Armed forces personnel, total",MS.MIL.TOTL.P1,,,,,,,,,,,,,,,,,,,,,,,,,,7300,,,,21000,23000,24000,12000,12000,12000,23600,22100,22100,22100,22100,22100,31100,32100,32100,23000,23000,,23000,23000,23100,23200,23100,23200,23200,23200,23400,23400,24000,34400,34000,34000,37285.71429,39592.85714,41900
"Congo, Dem. Rep.",COD,"Armed forces personnel, total",MS.MIL.TOTL.P1,,,,,,,,,,,,,,,,,,,,,,,,,,48000,,,,51000,55000,60000,45000,40000,40000,65100,65100,77000,87000,92900,92900,81400,81400,97800,64000,65000,,143000,151000,159000,159000,134250,134250,134250,134250,134250,134250,134000,134250,134000,134000,133964.2857,133919.6429,133875
Congo,COG,"Armed forces personnel, total",MS.MIL.TOTL.P1,,,,,,,,,,,,,,,,,,,,,,,,,,8700,,,,15000,9000,9000,10000,10000,10000,16700,15000,15000,15000,15000,15000,12000,12000,12000,12000,12000,,12000,12000,12000,12000,12000,12000,12000,12000,12000,12000,12000,12000,0,12000,6857.142857,6000,5142.857143
Colombia,COL,"Armed forces personnel, total",MS.MIL.TOTL.P1,,,,,,,,,,,,,,,,,,,,,,,,,,66200,,,,91000,110000,110000,139000,139000,146000,233400,233300,233300,233300,231000,247000,262600,262600,304600,336000,336000,398000,411000,411000,441828,441828,440224,440224,455750,455750,481100,481100,481000,481200,481000,428000,457971.4286,454994.6429,452017.8571
Comoros,COM,"Armed forces personnel, total",MS.MIL.TOTL.P1,,,,,,,,,,,,,,,,,,,,,,,,,,,,,,,,,,,,,,,,,,,,,,,,,,,,,,,,,,,,,,,,
Cape Verde,CPV,"Armed forces personnel, total",MS.MIL.TOTL.P1,,,,,,,,,,,,,,,,,,,,,,,,,,7700,,,,3000,1000,1000,1000,1000,1000,1150,1150,1150,1150,1200,1200,1300,1300,1300,1000,1000,,1000,1000,1200,1200,1200,1200,1200,1200,1200,1200,1000,1200,1000,1000,971.4285714,935.7142857,900
Costa Rica,CRI,"Armed forces personnel, total",MS.MIL.TOTL.P1,,,,,,,,,,,,,,,,,,,,,,,,,,13200,,,,8000,8000,8000,8000,8000,8000,16200,16200,15400,15400,15400,15400,21900,25900,17000,,,10000,10000,10000,9800,9800,9800,9800,9800,9800,9800,9800,10000,10000,10000,10000,10085.71429,10128.57143,10171.42857
Caribbean small states,CSS,"Armed forces personnel, total",MS.MIL.TOTL.P1,,,,,,,,,,,,,,,,,,,,,,,,,,15000,,,,14000,14000,14000,10000,10000,10000,19300,20400,20230,20740,20480,20700,15900,13600,13400,9640,13640,13640,14640,15000,14023,14023,12510,12510,13060,15980,16430,16930,17000,18650,21000,21000,21844.28571,22770,23695.71429
Cuba,CUB,"Armed forces personnel, total",MS.MIL.TOTL.P1,,,,,,,,,,,,,,,,,,,,,,,,,,161500,,,,297000,297000,297000,175000,175000,140000,124000,119000,79000,79000,91500,84500,72500,72500,72500,75000,76000,76000,76000,76000,75500,75500,75500,75500,75500,75500,75500,75500,76000,76000,76000,76000,76214.28571,76321.42857,76428.57143
Curacao,CUW,"Armed forces personnel, total",MS.MIL.TOTL.P1,,,,,,,,,,,,,,,,,,,,,,,,,,,,,,,,,,,,,,,,,,,,,,,,,,,,,,,,,,,,,,,,
Cayman Islands,CYM,"Armed forces personnel, total",MS.MIL.TOTL.P1,,,,,,,,,,,,,,,,,,,,,,,,,,,,,,,,,,,,,,,,,,,,,,,,,,,,,,,,,,,,,,,,
Cyprus,CYP,"Armed forces personnel, total",MS.MIL.TOTL.P1,,,,,,,,,,,,,,,,,,,,,,,,,,10000,,,,14000,10000,10000,10000,,,14000,14000,10500,10620,10750,10800,10800,10100,10100,11000,10750,10750,10750,10750,10750,12750,12750,12750,12750,12750,12750,15750,16000,16000,16000,13000,15678.57143,15946.42857,16214.28571
Czech Republic,CZE,"Armed forces personnel, total",MS.MIL.TOTL.P1,,,,,,,,,,,,,,,,,,,,,,,,,,,,,,,,,,107000,90000,92000,75600,67300,64700,59600,63300,59200,55000,62600,27000,28000,26000,27000,27000,26541,28521,26750,26750,24100,24800,25050,23200,23000,22245,25000,27000,25120,25318.03571,25516.07143
Germany,DEU,"Armed forces personnel, total",MS.MIL.TOTL.P1,,,,,,,,,,,,,,,,,,,,,,,,,,478000,,,,503000,545000,457000,442000,398000,362000,365000,383500,347100,333500,331000,221100,308400,296000,284500,284000,285000,246000,244000,244000,251465,251465,196000,186450,181550,178600,177300,179100,180000,181400,184000,183000,184614.2857,185646.4286,186678.5714
Djibouti,DJI,"Armed forces personnel, total",MS.MIL.TOTL.P1,,,,,,,,,,,,,,,,,,,,,,,,,,3000,,,,4000,4000,3000,8000,8000,8000,12600,12600,12600,12600,12600,12600,12600,12300,12300,11000,13000,,12000,13000,12950,12950,12950,12950,12950,12950,12950,13100,13000,13450,13000,13000,13150,13171.42857,13192.85714
Dominica,DMA,"Armed forces personnel, total",MS.MIL.TOTL.P1,,,,,,,,,,,,,,,,,,,,,,,,,,,,,,,,,,,,,,,,,,,,,,,,,,,,,,,,,,,,,,,,
Denmark,DNK,"Armed forces personnel, total",MS.MIL.TOTL.P1,,,,,,,,,,,,,,,,,,,,,,,,,,29600,,,,31000,31000,30000,28000,27000,28000,33100,32900,32900,32100,27000,21800,21400,22700,22800,21000,21000,30000,30000,30000,18707,18628,16450,17200,17200,17200,16600,16100,15000,14500,15000,15000,14000,13592.85714,13185.71429
Dominican Republic,DOM,"Armed forces personnel, total",MS.MIL.TOTL.P1,,,,,,,,,,,,,,,,,,,,,,,,,,22200,,,,21000,21000,21000,22000,22000,22000,39500,39500,39500,39500,39500,39500,39500,39500,39500,39000,40000,65000,65000,40000,39500,39500,39500,61000,61000,71050,71050,71050,71000,71050,71000,71000,70992.85714,70983.92857,70975
Algeria,DZA,"Armed forces personnel, total",MS.MIL.TOTL.P1,,,,,,,,,,,,,,,,,,,,,,,,,,170000,,,,126000,126000,126000,126000,126000,126000,162900,164900,270200,268200,303200,305200,305200,317900,308700,318000,319000,334000,334000,334000,334200,317200,317200,317200,317200,317200,317200,317200,317000,317000,317000,326000,322057.1429,322978.5714,323900
East Asia & Pacific (excluding high income),EAP,"Armed forces personnel, total",MS.MIL.TOTL.P1,,,,,,,,,,,,,,,,,,,,,,,,,,6816800,,,,7380000,6993000,6727000,6506000,6259000,5982000,8020900,7986800,7487950,7702150,7682850,7793600,7583200,7634400,7681800,7152250,7656000,7535000,6815000,6817000,6978442,7005442,7154930,7180730,7181030,7181030,7031030,6974730,6967000,6966640,6809000,6761000,6711170,6650018.571,6588867.143
Early-demographic dividend,EAR,"Armed forces personnel, total",MS.MIL.TOTL.P1,,,,,,,,,,,,,,,,,,,,,,,,,,6304100,,,,6848000,6743000,6803000,6736000,6706000,6660000,9601650,9985150,10238850,10229710,10306430,10471200,9947600,10097700,10090000,10119520,10785270,10286800,10542400,10535400,10675580,10577580,10456015,10555650,10535853,10626120,10589970,10821100,10835000,10937790,10987000,11028000,11134481.43,11210066.79,11285652.14
East Asia & Pacific,EAS,"Armed forces personnel, total",MS.MIL.TOTL.P1,,,,,,,,,,,,,,,,,,,,,,,,,,8243700,,,,8822000,8402000,8236000,7997000,7832000,7526000,9457800,9448270,9069700,9293400,9272080,9364600,9144600,9200800,9182800,8650250,9178000,9022000,8296000,8298000,8428299,8455299,8603966,8628630,8629430,8527430,8380930,8322570,8192000,8144490,7993000,7909000,7808598.571,7708268.929,7607939.286
Europe & Central Asia (excluding high income),ECA,"Armed forces personnel, total",MS.MIL.TOTL.P1,,,,,,,,,,,,,,,,,,,,,,,,,,,,,,,,,3662000,3111000,3163000,3980900,3864700,4070830,3960500,3715510,3571800,3443700,3339800,3266800,3168500,3186500,3008500,3036500,3036500,3050352,2985167,2845374,2838880,2635280,2759280,2914450,2904500,2912000,2916250,2930000,2933000,2976212.857,2996356.071,3016499.286
Europe & Central Asia,ECS,"Armed forces personnel, total",MS.MIL.TOTL.P1,,,,,,,,,,,,,,,,,,,,,,,,,,,,,,,,,6967000,6408000,6422000,7695500,7475750,7516170,7323890,6962430,6585200,6287200,6147500,5983200,5707612,5885362,5446492,5419492,5416592,5282679,5242719,5014014,5032780,4797650,4906450,5042650,5034020,4990000,4990505,4993000,5005000,5016351.429,5021809.821,5027268.214
Ecuador,ECU,"Armed forces personnel, total",MS.MIL.TOTL.P1,,,,,,,,,,,,,,,,,,,,,,,,,,42500,,,,46000,53000,53000,57000,57000,57000,57400,57400,57370,57370,57370,57800,59800,59800,59800,46270,47270,57400,58400,58400,58983,58983,58983,58500,58983,40750,40750,40750,41000,41250,42000,42000,42178.57143,42419.64286,42660.71429
Egypt,EGY,"Armed forces personnel, total",MS.MIL.TOTL.P1,,,,,,,,,,,,,,,,,,,,,,,,,,445000,,,,450000,434000,434000,424000,424000,430000,610000,672000,680000,680000,680000,678500,768000,773000,780000,798000,799000,866000,866000,866000,865500,835500,835500,835500,835500,835500,835500,835500,836000,835500,836000,836000,836071.4286,836160.7143,836250
Euro area,EMU,"Armed forces personnel, total",MS.MIL.TOTL.P1,,,,,,,,,,,,,,,,,,,,,,,,,,2235400,,,,2478000,2449000,2316000,2329000,2232000,2229000,2525100,2468750,2334160,2276100,2184770,1995300,1975800,1987000,1894200,1847512,1867262,1793262,1776262,1772362,1621989,1657693,1585030,1555700,1538200,1512750,1498030,1499000,1463000,1467860,1463000,1456000,1441170,1431475.357,1421780.714
Eritrea,ERI,"Armed forces personnel, total",MS.MIL.TOTL.P1,,,,,,,,,,,,,,,,,,,,,,,,,,,,,,,,,,55000,55000,55000,55000,46000,47100,200000,200000,171900,172200,202000,201000,202000,,202000,202000,201750,201750,201750,201750,201750,201750,201750,201750,202000,201750,202000,202000,202035.7143,202080.3571,202125
Spain,ESP,"Armed forces personnel, total",MS.MIL.TOTL.P1,,,,,,,,,,,,,,,,,,,,,,,,,,320000,,,,277000,263000,246000,198000,204000,213000,281600,282300,273250,269710,262260,241800,214700,251200,224000,220000,220000,222000,222000,223000,222422,223216,215700,215600,213950,200000,199950,197950,196000,196350,199000,199000,197392.8571,197160.7143,196928.5714
Estonia,EST,"Armed forces personnel, total",MS.MIL.TOTL.P1,,,,,,,,,,,,,,,,,,,,,,,,,,,,,,,,,3000,5000,4000,5500,5500,6300,7140,7600,7600,7300,8100,8100,6000,8000,7000,7000,7000,5450,5750,5750,5750,5750,5750,6400,6400,6000,6700,7000,7000,7214.285714,7401.785714,7589.285714
Ethiopia,ETH,"Armed forces personnel, total",MS.MIL.TOTL.P1,,,,,,,,,,,,,,,,,,,,,,,,,,217000,,,,250000,250000,120000,120000,120000,120000,120000,120000,120000,120000,325500,352500,252500,252500,162400,182000,183000,,138000,138000,138000,138000,138000,138000,138000,138000,138000,138000,138000,138000,138000,138000,138000,138000,138000
European Union,EUU,"Armed forces personnel, total",MS.MIL.TOTL.P1,,,,,,,,,,,,,,,,,,,,,,,,,,3093700,,,,3387000,3207000,3109000,3046000,3013000,3012000,3557200,3471450,3304110,3227500,3086780,2862000,2691900,2647500,2536700,2392112,2412862,2294862,2257862,2254962,2069093,2101107,2004680,2025550,2005400,1995100,1979130,1967550,1919000,1919805,1910000,1913000,1881611.429,1866171.964,1850732.5
Fragile and conflict affected situations,FCS,"Armed forces personnel, total",MS.MIL.TOTL.P1,,,,,,,,,,,,,,,,,,,,,,,,,,2439550,,,,2660000,3182000,2137000,2385000,2409000,2288000,3423350,3477650,3438200,3479200,3669300,3689800,3210100,3394150,3385800,2738500,2859250,,3007250,3270250,3531285,3789265,3782630,3803730,2992200,3224850,3315400,3266830,3283000,3401400,3456000,3292000,3408100,3430143.571,3452187.143
Finland,FIN,"Armed forces personnel, total",MS.MIL.TOTL.P1,,,,,,,,,,,,,,,,,,,,,,,,,,36500,,,,39000,31000,32000,33000,31000,35000,34500,36000,34400,35100,35100,35100,35400,34900,30100,31000,31000,32000,32000,32000,25050,24975,25000,25000,25000,25000,24900,24200,25000,25200,27000,22000,24214.28571,24078.57143,23942.85714
Fiji,FJI,"Armed forces personnel, total",MS.MIL.TOTL.P1,,,,,,,,,,,,,,,,,,,,,,,,,,2700,,,,4000,5000,5000,5000,5000,4000,3900,3600,3600,3500,3500,3500,3500,3500,3500,3000,4000,4000,4000,4000,3500,3500,3500,3500,3500,3500,3500,3500,4000,4040,4000,4000,4225.714286,4334.285714,4442.857143
France,FRA,"Armed forces personnel, total",MS.MIL.TOTL.P1,,,,,,,,,,,,,,,,,,,,,,,,,,464300,,,,554000,550000,542000,522000,506000,506000,502400,491300,473100,452200,411600,389400,374400,361800,360400,358000,359000,354000,353000,353000,341967,341967,332250,325600,318400,312350,306350,306100,307000,304800,304000,304000,301935.7143,300826.7857,299717.8571
Faroe Islands,FRO,"Armed forces personnel, total",MS.MIL.TOTL.P1,,,,,,,,,,,,,,,,,,,,,,,,,,,,,,,,,,,,,,,,,,,,,,,,,,,,,,,,,,,,,,,,
"Micronesia, Fed. Sts.",FSM,"Armed forces personnel, total",MS.MIL.TOTL.P1,,,,,,,,,,,,,,,,,,,,,,,,,,,,,,,,,,,,,,,,,,,,,,,,,,,,,,,,,,,,,,,,
Gabon,GAB,"Armed forces personnel, total",MS.MIL.TOTL.P1,,,,,,,,,,,,,,,,,,,,,,,,,,2400,,,,10000,9000,10000,7000,7000,6000,9500,9500,9500,9500,9500,6700,6700,6700,6700,6000,7000,,7000,7000,6700,6700,6700,6700,6700,6700,6700,6700,7000,6700,7000,7000,7042.857143,7096.428571,7150
United Kingdom,GBR,"Armed forces personnel, total",MS.MIL.TOTL.P1,,,,,,,,,,,,,,,,,,,,,,,,,,334000,,,,318000,308000,301000,293000,271000,257000,233000,221000,218000,218000,218000,212500,211400,210400,212600,205000,217000,181000,160000,160000,178470,174020,165650,169150,159150,154700,152350,150250,148000,148450,149000,153000,148878.5714,148392.8571,147907.1429
Georgia,GEO,"Armed forces personnel, total",MS.MIL.TOTL.P1,,,,,,,,,,,,,,,,,,,,,,,,,,,,,,,,,,25000,7000,14000,15000,39200,39200,32800,33400,28500,29200,29200,22000,23000,33000,33000,33000,32355,32355,32350,32350,32350,32350,26050,26050,26000,25650,26000,26000,24078.57143,23380.35714,22682.14286
Ghana,GHA,"Armed forces personnel, total",MS.MIL.TOTL.P1,,,,,,,,,,,,,,,,,,,,,,,,,,15100,,,,16000,9000,9000,7000,7000,7000,12800,14500,8000,8000,8000,8000,7000,7000,7000,7000,7000,,14000,14000,15500,15500,15500,15500,15500,15500,15500,15500,16000,15500,16000,16000,16071.42857,16160.71429,16250
Gibraltar,GIB,"Armed forces personnel, total",MS.MIL.TOTL.P1,,,,,,,,,,,,,,,,,,,,,,,,,,,,,,,,,,,,,,,,,,,,,,,,,,,,,,,,,,,,,,,,
Guinea,GIN,"Armed forces personnel, total",MS.MIL.TOTL.P1,,,,,,,,,,,,,,,,,,,,,,,,,,9900,,,,15000,15000,15000,15000,15000,12000,19300,19300,19300,19300,19300,19300,17300,19300,12300,11000,13000,,19000,19000,19300,19300,12300,12300,12300,12300,12300,12300,13000,12700,13000,13000,13214.28571,13353.57143,13492.85714
"Gambia, The",GMB,"Armed forces personnel, total",MS.MIL.TOTL.P1,,,,,,,,,,,,,,,,,,,,,,,,,,480,,,,2000,2000,2000,1000,1000,1000,800,800,800,800,800,800,800,800,800,800,800,,1000,1000,800,800,800,800,800,800,800,800,1000,4000,4000,4000,4942.857143,5628.571429,6314.285714
Guinea-Bissau,GNB,"Armed forces personnel, total",MS.MIL.TOTL.P1,,,,,,,,,,,,,,,,,,,,,,,,,,8550,,,,10000,12000,12000,11000,11000,7000,9200,9300,9250,9250,9300,9300,11300,11300,14200,9000,9000,9000,9000,6000,6458,6458,6450,6450,6450,6450,4450,4450,4000,4450,4000,4000,3364.285714,3069.642857,2775
Equatorial Guinea,GNQ,"Armed forces personnel, total",MS.MIL.TOTL.P1,,,,,,,,,,,,,,,,,,,,,,,,,,2200,,,,1000,1000,1000,1000,1000,1000,1600,1600,1620,1600,1600,1600,1600,2300,1300,1000,1000,,1000,1000,1320,1320,1320,1320,1320,1320,1320,1450,1000,1450,1000,1000,991.4285714,934.2857143,877.1428571
Greece,GRC,"Armed forces personnel, total",MS.MIL.TOTL.P1,,,,,,,,,,,,,,,,,,,,,,,,,,201500,,,,201000,201000,205000,208000,213000,206000,201800,198800,166300,172500,169600,163200,163200,181600,181600,167000,168000,161000,161000,161000,142936,149647,148350,147350,148950,146950,146950,145350,146000,147850,147000,147000,147121.4286,147219.6429,147317.8571
Grenada,GRD,"Armed forces personnel, total",MS.MIL.TOTL.P1,,,,,,,,,,,,,,,,,,,,,,,,,,,,,,,,,,,,,,,,,,,,,,,,,,,,,,,,,,,,,,,,
Greenland,GRL,"Armed forces personnel, total",MS.MIL.TOTL.P1,,,,,,,,,,,,,,,,,,,,,,,,,,,,,,,,,,,,,,,,,,,,,,,,,,,,,,,,,,,,,,,,
Guatemala,GTM,"Armed forces personnel, total",MS.MIL.TOTL.P1,,,,,,,,,,,,,,,,,,,,,,,,,,31700,,,,43000,43000,43000,44000,44000,34000,56500,56500,50500,41200,40900,52900,50400,50400,50400,48000,48000,35000,35000,35000,34212,34212,42300,42300,42300,43050,43050,43050,43000,43050,43000,43000,42992.85714,42983.92857,42975
Guam,GUM,"Armed forces personnel, total",MS.MIL.TOTL.P1,,,,,,,,,,,,,,,,,,,,,,,,,,,,,,,,,,,,,,,,,,,,,,,,,,,,,,,,,,,,,,,,
Guyana,GUY,"Armed forces personnel, total",MS.MIL.TOTL.P1,,,,,,,,,,,,,,,,,,,,,,,,,,6600,,,,4000,4000,4000,2000,2000,2000,3100,3100,3100,3100,3100,3100,3100,3100,3100,2000,3000,3000,3000,3000,2600,2600,1100,1100,1100,3400,3400,3400,3000,3400,3000,3000,2942.857143,2871.428571,2800
High income,HIC,"Armed forces personnel, total",MS.MIL.TOTL.P1,,,,,,,,,,,,,,,,,,,,,,,,,,7451600,,,,7904000,7732000,7719000,7402000,7370000,7219000,7574400,7426840,7338150,7323080,7183130,6843000,6619400,6594500,6462700,6269322,6545872,6188632,6209982,6192442,6049596,6080226,5939866,5938670,5863240,5704290,5662220,5684730,5521000,5490435,5498000,5500000,5417867.143,5377309.821,5336752.5
"Hong Kong SAR, China",HKG,"Armed forces personnel, total",MS.MIL.TOTL.P1,,,,,,,,,,,,,,,,,,,,,,,,,,,,,,,,,,,,,,,,,,,,,,,,,,,,,,,,,,,,,,,,
Honduras,HND,"Armed forces personnel, total",MS.MIL.TOTL.P1,,,,,,,,,,,,,,,,,,,,,,,,,,16600,,,,19000,18000,17000,17000,17000,17000,24300,24300,24300,14300,14300,14300,14300,14300,18000,20000,20000,20000,20000,20000,20000,20000,20000,20000,20000,18700,18700,22700,23000,22950,23000,23000,24828.57143,25605.35714,26382.14286
Heavily indebted poor countries (HIPC),HPC,"Armed forces personnel, total",MS.MIL.TOTL.P1,,,,,,,,,,,,,,,,,,,,,,,,,,793330,,,,1008000,1020000,853000,821000,859000,799000,1569850,1599650,1599300,1575950,1754750,1816000,1251200,1376550,1317400,1183800,1213800,,1237000,1283000,1453713,1486138,1628750,1644050,1631670,1634820,1638270,1526100,1506000,1491900,1605000,1411000,1434412.857,1406834.286,1379255.714
Croatia,HRV,"Armed forces personnel, total",MS.MIL.TOTL.P1,,,,,,,,,,,,,,,,,,,,,,,,,,,,,,,,,103000,80000,70000,150000,104700,98000,96180,101000,101000,68300,61000,30800,30000,31000,21000,21000,22000,21600,21600,21600,19550,19550,19550,18550,18550,18000,18200,18000,20000,18678.57143,18675,18671.42857
Haiti,HTI,"Armed forces personnel, total",MS.MIL.TOTL.P1,,,,,,,,,,,,,,,,,,,,,,,,,,6900,,,,9000,8000,8000,8000,8000,,7000,7000,5500,5300,5300,5300,8300,5300,5300,,,5400,,,,0,50,50,120,120,120,200,0,500,1000,1000,1091.428571,1259.285714,1427.142857
Hungary,HUN,"Armed forces personnel, total",MS.MIL.TOTL.P1,,,,,,,,,,,,,,,,,,,,,,,,,,106000,,,,109000,94000,87000,78000,65000,60000,73000,78100,74100,70800,65000,57800,47800,47400,47400,46000,44000,44000,37000,37000,41626,34587,38500,38500,38500,38500,38500,39800,40000,39800,40000,46000,44014.28571,44925,45835.71429
IBRD only,IBD,"Armed forces personnel, total",MS.MIL.TOTL.P1,,,,,,,,,,,,,,,,,,,,,,,,,,12123500,,,,13087000,12458000,11352000,13654000,12951000,12763000,17650800,17719020,17368720,17440330,17022480,17081700,16601800,16405600,16377200,15579510,16705310,16436070,15679420,15891250,16149767,16133742,16184483,16358994,15580053,15869910,15956380,16006210,16115000,16377110,16246000,16356000,16476431.43,16562446.07,16648460.71
IDA & IBRD total,IBT,"Armed forces personnel, total",MS.MIL.TOTL.P1,,,,,,,,,,,,,,,,,,,,,,,,,,14421530,,,,15756000,15265000,14149000,16433000,15768000,15403000,22169100,22337620,22045220,22109780,21885580,21968500,20889300,20954150,20905100,19955560,21096110,19858220,20081420,20340250,20807338,20988738,21008063,21198474,20382153,20649760,20827630,20837140,20860000,21129550,21141000,20870000,21127850,21184273.93,21240697.86
IDA total,IDA,"Armed forces personnel, total",MS.MIL.TOTL.P1,,,,,,,,,,,,,,,,,,,,,,,,,,2298030,,,,2669000,2807000,2797000,2779000,2817000,2640000,4518300,4618600,4676500,4669450,4863100,4886800,4287500,4548550,4527900,4376050,4390800,,4402000,4449000,4657571,4854996,4823580,4839480,4802100,4779850,4871250,4830930,4745000,4752440,4895000,4514000,4651418.571,4621827.857,4592237.143
IDA blend,IDB,"Armed forces personnel, total",MS.MIL.TOTL.P1,,,,,,,,,,,,,,,,,,,,,,,,,,661100,,,,744000,751000,767000,800000,797000,776000,1122950,1109650,1163150,1177050,1188100,1220800,1283000,1280700,1273400,1278000,1296000,1231000,1294000,1294000,1294152,1319252,1300130,1300830,1300830,1278830,1327030,1328730,1346000,1373340,1359000,1366000,1392712.857,1405929.286,1419145.714
Indonesia,IDN,"Armed forces personnel, total",MS.MIL.TOTL.P1,,,,,,,,,,,,,,,,,,,,,,,,,,278100,,,,285000,283000,278000,283000,271000,280000,460500,485200,484000,499000,499000,492000,492000,492000,497000,582000,582000,582000,582000,582000,582000,582000,676500,676500,676500,676500,675500,675500,676000,675500,676000,676000,675785.7143,675767.8571,675750
IDA only,IDX,"Armed forces personnel, total",MS.MIL.TOTL.P1,,,,,,,,,,,,,,,,,,,,,,,,,,1636930,,,,1925000,2056000,2030000,1979000,2020000,1864000,3395350,3508950,3513350,3492400,3675000,3666000,3004500,3267850,3254500,3098050,3094800,,3108000,3155000,3363419,3535744,3523450,3538650,3501270,3501020,3544220,3502200,3399000,3379100,3536000,3148000,3258705.714,3215898.571,3173091.429
Isle of Man,IMN,"Armed forces personnel, total",MS.MIL.TOTL.P1,,,,,,,,,,,,,,,,,,,,,,,,,,,,,,,,,,,,,,,,,,,,,,,,,,,,,,,,,,,,,,,,
India,IND,"Armed forces personnel, total",MS.MIL.TOTL.P1,,,,,,,,,,,,,,,,,,,,,,,,,,1260000,,,,1260000,1260000,1270000,1270000,1270000,1270000,2149500,2223000,2233000,2265000,2263000,2372000,2352700,2387700,2414700,2617000,3047000,2589000,2576000,2582000,2625586,2625586,2647150,2728700,2749700,2749700,2798800,2981050,3031000,3026500,3045000,3068000,3170400,3223712.5,3277025
Not classified,INX,"Armed forces personnel, total",MS.MIL.TOTL.P1,,,,,,,,,,,,,,,,,,,,,,,,,,,,,,,,,,,,,,,,,,,,,,,,,,,,,,,,,,,,,,,,
Ireland,IRL,"Armed forces personnel, total",MS.MIL.TOTL.P1,,,,,,,,,,,,,,,,,,,,,,,,,,13700,,,,13000,13000,13000,13000,13000,17000,12900,12700,12700,11500,11500,11500,10500,10500,10400,10000,10000,10000,10000,10000,10460,10460,8900,9350,9350,9100,9100,9100,9000,8650,9000,9000,8857.142857,8823.214286,8789.285714
Iran,IRN,"Armed forces personnel, total",MS.MIL.TOTL.P1,,,,,,,,,,,,,,,,,,,,,,,,,,610000,,,,604000,440000,465000,528000,528000,528000,763000,863000,868000,820000,785600,753000,553000,560000,580000,460000,585000,585000,563000,563000,563000,563000,563000,563000,563000,563000,563000,563000,563000,650000,650000,650000,674857.1429,693500,712142.8571
Iraq,IRQ,"Armed forces personnel, total",MS.MIL.TOTL.P1,,,,,,,,,,,,,,,,,,,,,,,,,,1000000,,,,1000000,1390000,475000,407000,407000,425000,407300,432500,442900,479000,479000,479000,467000,432000,432000,179000,227000,495000,362000,577000,659395,802400,802400,802400,177600,209000,209000,209000,209000,336000,341000,459000,444714.2857,485464.2857,526214.2857
Iceland,ISL,"Armed forces personnel, total",MS.MIL.TOTL.P1,,,,,,,,,,,,,,,,,,,,,,,,,,,,,,,,,,,,100,100,120,120,100,100,100,100,100,,,130,130,130,130,130,180,180,200,200,250,250,0,,0,0,-74.8447205,-120.8074534,-166.7701863
Israel,ISR,"Armed forces personnel, total",MS.MIL.TOTL.P1,,,,,,,,,,,,,,,,,,,,,,,,,,142000,,,,191000,190000,190000,181000,181000,185000,178100,181100,181050,181050,179550,180500,171500,169500,175000,176000,176000,185000,185000,185000,184550,184550,184550,184500,184500,184500,184500,184500,178000,177500,178000,178000,175071.4286,173660.7143,172250
Italy,ITA,"Armed forces personnel, total",MS.MIL.TOTL.P1,,,,,,,,,,,,,,,,,,,,,,,,,,385100,,,,506000,493000,473000,471000,450000,436000,585000,580900,580900,554100,521200,503100,482600,471100,454300,445000,445000,440000,436000,436000,326939,359378,367550,359500,359500,356850,356850,356850,347000,341500,342000,338000,333921.4286,330292.8571,326664.2857
Jamaica,JAM,"Armed forces personnel, total",MS.MIL.TOTL.P1,,,,,,,,,,,,,,,,,,,,,,,,,,2100,,,,3000,3000,3000,3000,3000,3000,3500,3500,3470,3470,3020,3000,3000,3000,3000,2000,3000,3000,3000,3000,2830,2830,2830,2830,2830,3450,3450,3950,4000,5950,6000,6000,6792.857143,7319.642857,7846.428571
Jordan,JOR,"Armed forces personnel, total",MS.MIL.TOTL.P1,,,,,,,,,,,,,,,,,,,,,,,,,,70300,,,,190000,100000,100000,100000,100000,100000,128600,128700,134050,134050,134000,148900,110200,110200,110500,110000,111000,111000,111000,111000,110500,110500,110500,115500,115500,115500,115500,115500,116000,101500,116000,116000,112071.4286,111660.7143,111250
Japan,JPN,"Armed forces personnel, total",MS.MIL.TOTL.P1,,,,,,,,,,,,,,,,,,,,,,,,,,243000,,,,247000,250000,250000,242000,242000,233000,251500,247500,247600,254600,254600,248700,252100,252100,252100,251000,272000,252000,242000,242000,260382,260382,260086,259800,259800,259800,259800,260890,261000,261150,261000,261000,261557.1429,261780.7143,262004.2857
Kazakhstan,KAZ,"Armed forces personnel, total",MS.MIL.TOTL.P1,,,,,,,,,,,,,,,,,,,,,,,,,,,,,,,,,,15000,18000,74500,74500,69600,89600,100300,98500,98500,94500,100300,99000,101000,81000,81000,81000,80500,80500,70500,70500,70500,70500,70500,70500,71000,71000,71000,71000,71214.28571,71321.42857,71428.57143
Kenya,KEN,"Armed forces personnel, total",MS.MIL.TOTL.P1,,,,,,,,,,,,,,,,,,,,,,,,,,13700,,,,20000,20000,20000,24000,24000,22000,29200,29200,29200,29200,29200,27200,29400,29400,29100,29000,29000,,29000,29000,29120,29120,29100,29100,29100,29100,29100,29100,29000,29100,29000,24000,26128.57143,25575,25021.42857
Kyrgyzstan,KGZ,"Armed forces personnel, total",MS.MIL.TOTL.P1,,,,,,,,,,,,,,,,,,,,,,,,,,,,,,,,,12000,12000,13000,7000,12000,14200,14200,12200,14000,14000,15900,15900,17000,18000,21000,21000,21000,20400,20400,20400,20400,20400,20400,20400,20400,21000,20900,21000,21000,21228.57143,21353.57143,21478.57143
Cambodia,KHM,"Armed forces personnel, total",MS.MIL.TOTL.P1,,,,,,,,,,,,,,,,,,,,,,,,,,35000,,,,99000,112000,112000,135000,102000,70000,308500,307700,360500,359000,359000,360000,207000,192000,192000,192000,191000,191000,191000,191000,191300,191300,191300,191300,191300,191300,191300,191300,191000,191300,191000,191000,190957.1429,190903.5714,190850
Kiribati,KIR,"Armed forces personnel, total",MS.MIL.TOTL.P1,,,,,,,,,,,,,,,,,,,,,,,,,,,,,,,,,,,,,,,,,,,,,,,,,,,,,,,,,,,,,,,,
St. Kitts and Nevis,KNA,"Armed forces personnel, total",MS.MIL.TOTL.P1,,,,,,,,,,,,,,,,,,,,,,,,,,,,,,,,,,,,,,,,,,,,,,,,,,,,,,,,,,,,,,,,
"Korea, Republic of",KOR,"Armed forces personnel, total",MS.MIL.TOTL.P1,,,,,,,,,,,,,,,,,,,,,,,,,,598000,,,,647000,650000,750000,750000,750000,750000,641000,668000,676500,676500,676500,687500,687500,690500,690500,696000,693000,692000,692000,692000,659500,659500,659500,659500,659500,632500,634500,634000,634000,608000,613000,569000,580785.7143,571517.8571,562250
Kuwait,KWT,"Armed forces personnel, total",MS.MIL.TOTL.P1,,,,,,,,,,,,,,,,,,,,,,,,,,12000,,,,20000,7000,10000,12000,12000,15000,21600,20800,20300,20300,20300,20300,20500,22100,22100,21000,23000,23000,23000,23000,22600,22600,22600,22600,22600,22600,22600,22600,25000,24500,25000,25000,25885.71429,26382.14286,26878.57143
Latin America & Caribbean (excluding high income),LAC,"Armed forces personnel, total",MS.MIL.TOTL.P1,,,,,,,,,,,,,,,,,,,,,,,,,,1153200,,,,1376000,1375000,1357000,1236000,1236000,1170000,1853300,1884000,1871730,1846980,1823450,1848500,1837500,1846300,1873100,1838270,1834270,2162800,2149400,2134400,2180263,2180263,2184607,2205624,2218803,2200510,2226110,2230690,2234000,2281540,2262000,2222000,2263421.429,2270103.571,2276785.714
Lao PDR,LAO,"Armed forces personnel, total",MS.MIL.TOTL.P1,,,,,,,,,,,,,,,,,,,,,,,,,,53700,,,,56000,55000,53000,37000,37000,45000,137000,137000,129000,129100,129100,129100,129100,129100,129100,129000,129000,129000,129000,129000,129100,129100,129100,129100,129100,129100,129100,129100,129000,129100,129000,129000,128985.7143,128967.8571,128950
Lebanon,LBN,"Armed forces personnel, total",MS.MIL.TOTL.P1,,,,,,,,,,,,,,,,,,,,,,,,,,17400,,,,18000,36000,36000,37000,37000,50000,62800,67400,73600,68100,80900,76600,84800,84800,85100,85000,85000,76000,76000,76000,79100,79100,80000,80000,80000,80000,80000,80000,80000,80000,80000,80000,80000,80000,80000
Liberia,LBR,"Armed forces personnel, total",MS.MIL.TOTL.P1,,,,,,,,,,,,,,,,,,,,,,,,,,6800,,,,7000,8000,5000,2000,,,21000,22000,22000,14000,5300,15000,15000,15000,15000,,15000,2000,2000,2000,2040,2040,2050,2050,2050,2050,2050,2050,2000,2100,2000,2000,2007.142857,2000,1992.857143
Libya,LBY,"Armed forces personnel, total",MS.MIL.TOTL.P1,,,,,,,,,,,,,,,,,,,,,,,,,,73000,,,,86000,86000,86000,85000,85000,80000,80500,65500,65500,65500,65500,76500,76500,76500,76500,76000,76000,76000,76000,76000,76000,,,7000,7000,0,,,,,,0,0,0,0
St. Lucia,LCA,"Armed forces personnel, total",MS.MIL.TOTL.P1,,,,,,,,,,,,,,,,,,,,,,,,,,,,,,,,,,,,,,,,,,,,,,,,,,,,,,,,,,,,,,,,
Latin America & Caribbean,LCN,"Armed forces personnel, total",MS.MIL.TOTL.P1,,,,,,,,,,,,,,,,,,,,,,,,,,1357400,,,,1593000,1587000,1563000,1443000,1443000,1387000,2114500,2136220,2127990,2102720,2077880,2095000,2111400,2113000,2136700,2066830,2076830,2285440,2413940,2399300,2444776,2444776,2447597,2470964,2484593,2621950,2657600,2682630,2756000,2804200,2788000,2740000,2826700,2853004.286,2879308.571
Least developed countries: UN classification,LDC,"Armed forces personnel, total",MS.MIL.TOTL.P1,,,,,,,,,,,,,,,,,,,,,,,,,,1158130,,,,1491000,1667000,1597000,1513000,1554000,1478000,2654650,2746750,2885850,2874400,3069400,3081500,2449800,2642850,2651400,2473050,2502800,,2504000,2553000,2750301,2941176,3155380,3170580,3133200,3004450,3008550,2892530,2843000,2805250,2843000,2562000,2601864.286,2539516.786,2477169.286
Low income,LIC,"Armed forces personnel, total",MS.MIL.TOTL.P1,,,,,,,,,,,,,,,,,,,,,,,,,,1856630,,,,2207000,2498000,2335000,2256000,2193000,2071000,3110050,3102850,3112400,3090200,3267000,3346600,2802600,2940950,2885400,2766800,2789800,,2772000,2820000,3075723,3266598,3260600,3275800,3238350,3212100,3212050,3215800,3142000,3116050,3165000,2934000,2995550,2958830.357,2922110.714
Liechtenstein,LIE,"Armed forces personnel, total",MS.MIL.TOTL.P1,,,,,,,,,,,,,,,,,,,,,,,,,,,,,,,,,,,,,,,,,,,,,,,,,,,,,,,,,,,,,,,,
Sri Lanka,LKA,"Armed forces personnel, total",MS.MIL.TOTL.P1,,,,,,,,,,,,,,,,,,,,,,,,,,21600,,,,22000,22000,110000,110000,110000,110000,235500,225200,227200,225200,218300,203600,209600,246500,240900,239000,200000,213000,213000,213000,223100,223100,223100,223100,223100,223100,265200,305200,317000,317000,317000,317000,351228.5714,365410.7143,379592.8571
Lower middle income,LMC,"Armed forces personnel, total",MS.MIL.TOTL.P1,,,,,,,,,,,,,,,,,,,,,,,,,,5278800,,,,5913000,5465000,5678000,6009000,5957000,5720000,8326750,8536850,8722950,8685600,8681400,8690600,8541900,8682600,8770600,8202250,9252000,8674400,8811000,8817000,8918959,8905509,8904080,8991330,8919350,8991550,9184100,9448280,9480000,9580200,9724000,9595000,9860742.857,9968673.929,10076605
Low & middle income,LMY,"Armed forces personnel, total",MS.MIL.TOTL.P1,,,,,,,,,,,,,,,,,,,,,,,,,,14708630,,,,16319000,16111000,14934000,17056000,16296000,15901000,22527800,22690800,22446070,22524580,22322010,22431100,21487000,21607150,21593400,20729820,21911570,20841050,20928900,21185900,21759500,21938745,21965213,22100704,21228383,21340340,21510060,21584620,21550000,21811880,21830000,21563000,21817860,21872685.71,21927511.43
Lesotho,LSO,"Armed forces personnel, total",MS.MIL.TOTL.P1,,,,,,,,,,,,,,,,,,,,,,,,,,2000,,,,2000,2000,2000,2000,2000,2000,2000,2000,2000,2000,2000,2000,2000,2000,2000,2000,2000,2000,2000,2000,2000,2000,2000,2000,2000,2000,2000,2000,2000,2000,2000,2000,2000,2000,2000
Late-demographic dividend,LTE,"Armed forces personnel, total",MS.MIL.TOTL.P1,,,,,,,,,,,,,,,,,,,,,,,,,,7537800,,,,8362000,7793000,7619000,9382000,8801000,8535000,11511800,11152720,10812980,10860110,10592070,10592700,10435600,10281000,10247400,9814930,10288480,10121240,9431590,9421730,9598337,9562730,9531808,9609744,9527790,9576830,9699100,9681800,9684000,9723460,9557000,9498000,9563022.857,9545914.643,9528806.429
Lithuania,LTU,"Armed forces personnel, total",MS.MIL.TOTL.P1,,,,,,,,,,,,,,,,,,,,,,,,,,,,,,,,,10000,10000,10000,8900,9900,10050,15030,16030,16600,17200,27300,27300,28000,29000,24000,24000,24000,25240,25240,23350,23350,21950,27400,28330,29650,34000,39550,37000,37000,41281.42857,43282.85714,45284.28571
Luxembourg,LUX,"Armed forces personnel, total",MS.MIL.TOTL.P1,,,,,,,,,,,,,,,,,,,,,,,,,,700,,,,1000,1000,1000,1000,1000,1000,1400,1400,1360,1360,1400,1400,1500,1500,1500,1512,1512,1512,1512,1612,1512,1512,1510,1510,1510,1510,1500,1500,2000,1900,1000,1000,1182.857143,1106.785714,1030.714286
Latvia,LVA,"Armed forces personnel, total",MS.MIL.TOTL.P1,,,,,,,,,,,,,,,,,,,,,,,,,,,,,,,,,5000,5000,6000,11300,12300,8100,8680,9450,8500,10000,8700,8100,5000,5000,17000,17000,5000,5745,4600,5350,5310,5310,5310,5310,5310,6000,6900,6000,9000,8267.142857,8768.571429,9270
Macau,MAC,"Armed forces personnel, total",MS.MIL.TOTL.P1,,,,,,,,,,,,,,,,,,,,,,,,,,,,,,,,,,,,,,,,,,,,,,,,,,,,,,,,,,,,,,,,
St. Martin (French part),MAF,"Armed forces personnel, total",MS.MIL.TOTL.P1,,,,,,,,,,,,,,,,,,,,,,,,,,,,,,,,,,,,,,,,,,,,,,,,,,,,,,,,,,,,,,,,
Morocco,MAR,"Armed forces personnel, total",MS.MIL.TOTL.P1,,,,,,,,,,,,,,,,,,,,,,,,,,149000,,,,195000,195000,195000,195000,195000,195000,237500,236000,238300,238300,238300,240500,246500,246300,246300,250000,251000,246000,246000,246000,245800,245800,245800,245800,245800,245800,245800,245800,246000,245800,246000,246000,246028.5714,246064.2857,246100
Monaco,MCO,"Armed forces personnel, total",MS.MIL.TOTL.P1,,,,,,,,,,,,,,,,,,,,,,,,,,,,,,,,,,,,,,,,,,,,,,,,,,,,,,,,,,,,,,,,
Moldova,MDA,"Armed forces personnel, total",MS.MIL.TOTL.P1,,,,,,,,,,,,,,,,,,,,,,,,,,,,,,,,,9000,13000,11000,15300,15300,14430,14450,14050,12900,11600,10600,10300,9000,10000,8000,9000,8000,7733,7733,7750,7750,7750,7750,7550,7550,7000,6150,6000,6000,5464.285714,5116.071429,4767.857143
Madagascar,MDG,"Armed forces personnel, total",MS.MIL.TOTL.P1,,,,,,,,,,,,,,,,,,,,,,,,,,21100,,,,21000,21000,21000,21000,21000,21000,28500,28500,28500,28500,28500,28500,21600,21600,21600,21000,22000,,22000,22000,21600,21600,21600,21600,21600,21600,21600,21600,22000,21500,22000,22000,22028.57143,22096.42857,22164.28571
Maldives,MDV,"Armed forces personnel, total",MS.MIL.TOTL.P1,,,,,,,,,,,,,,,,,,,,,,,,,,,,,,,,,,,,,,,5000,5000,5000,,,,,,,,,,,,,,,,,,,,,,,
Middle East & North Africa,MEA,"Armed forces personnel, total",MS.MIL.TOTL.P1,,,,,,,,,,,,,,,,,,,,,,,,,,3337700,,,,3554000,3843000,2997000,2889000,2889000,2845000,3653300,3869500,3933800,3904350,3912500,3946200,3782400,3753100,3786700,3426000,3670000,4011000,3866000,4082000,4178676,4198687,3974580,3986540,3320240,3329240,3326240,3366090,3315000,3510600,3564000,3721000,3703925.714,3768043.929,3832162.143
Mexico,MEX,"Armed forces personnel, total",MS.MIL.TOTL.P1,,,,,,,,,,,,,,,,,,,,,,,,,,129100,,,,154000,175000,175000,175000,175000,175000,189000,190000,190000,190000,193770,207800,203800,203800,203800,203000,204000,280000,286000,305000,331750,331750,329750,329750,325450,336050,336050,336050,336000,348000,328000,341000,338835.7143,339217.8571,339600
Marshall Islands,MHL,"Armed forces personnel, total",MS.MIL.TOTL.P1,,,,,,,,,,,,,,,,,,,,,,,,,,,,,,,,,,,,,,,,,,,,,,,,,,,,,,,,,,,,,,,,
Middle income,MIC,"Armed forces personnel, total",MS.MIL.TOTL.P1,,,,,,,,,,,,,,,,,,,,,,,,,,12852000,,,,14112000,13613000,12599000,14800000,14103000,13830000,19417750,19587950,19333670,19434380,19055010,19084500,18684400,18666200,18708000,17963020,19121770,18884300,18156900,18365900,18683777,18672147,18704613,18824904,17990033,18128240,18298010,18368820,18408000,18695830,18665000,18629000,18822310,18913855.36,19005400.71
Macedonia,MKD,"Armed forces personnel, total",MS.MIL.TOTL.P1,,,,,,,,,,,,,,,,,,,,,,,,,,,,,,,,,10000,10000,10000,17900,17900,22900,27500,23500,23500,26000,19900,20400,17000,19000,19000,19000,19000,8000,8000,8000,8000,8000,8000,15600,15600,16000,16000,16000,16000,18342.85714,19242.85714,20142.85714
Mali,MLI,"Armed forces personnel, total",MS.MIL.TOTL.P1,,,,,,,,,,,,,,,,,,,,,,,,,,4900,,,,8000,13000,13000,12000,12000,12000,15200,15200,15150,15150,15200,15200,15200,15200,12200,11000,12000,12000,12000,12000,12150,12150,12150,7800,11800,13800,15800,17800,18000,21000,21000,41000,34800,38200,41600
Malta,MLT,"Armed forces personnel, total",MS.MIL.TOTL.P1,,,,,,,,,,,,,,,,,,,,,,,,,,800,,,,2000,2000,2000,2000,2000,2000,1900,2000,1950,1900,1900,2100,2100,2100,2100,2000,2000,2000,2000,2000,2121,2127,2120,2130,2130,2130,2130,2130,2000,1750,2000,2000,1872.857143,1836.071429,1799.285714
Myanmar (Burma),MMR,"Armed forces personnel, total",MS.MIL.TOTL.P1,,,,,,,,,,,,,,,,,,,,,,,,,,186000,,,,200000,230000,286000,286000,322000,322000,371300,406300,429050,434850,429050,429100,444300,544300,595000,482250,483000,513000,513000,513000,513250,513250,513250,513250,513250,513250,513250,513250,513000,513000,513000,463000,484321.4286,478910.7143,473500
Middle East & North Africa (excluding high income),MNA,"Armed forces personnel, total",MS.MIL.TOTL.P1,,,,,,,,,,,,,,,,,,,,,,,,,,3039400,,,,3175000,3381000,2490000,2417000,2417000,2366000,3124200,3341600,3406450,3377050,3386400,3378900,3223800,3223500,3242100,2885000,3123000,3432000,3289000,3505000,3591145,3611150,3387050,3399050,2718250,2727250,2724250,2754400,2707000,2904550,2956000,3083000,3076764.286,3136796.429,3196828.571
Montenegro,MNE,"Armed forces personnel, total",MS.MIL.TOTL.P1,,,,,,,,,,,,,,,,,,,,,,,,,,,,,,,,,,,,,,,,,,,,,,,16000,15000,15000,13227,13084,12180,12180,12180,12180,12050,12050,12000,12350,12000,12000,12041.42857,12029.28571,12017.14286
Mongolia,MNG,"Armed forces personnel, total",MS.MIL.TOTL.P1,,,,,,,,,,,,,,,,,,,,,,,,,,33000,,,,33000,32000,31000,21000,18000,18000,31100,33500,14900,17000,16300,16300,16300,16300,15800,15000,16000,16000,16000,17000,17200,17200,17200,17200,17500,17500,17500,17500,18000,17700,18000,18000,18128.57143,18225,18321.42857
Northern Mariana Islands,MNP,"Armed forces personnel, total",MS.MIL.TOTL.P1,,,,,,,,,,,,,,,,,,,,,,,,,,,,,,,,,,,,,,,,,,,,,,,,,,,,,,,,,,,,,,,,
Mozambique,MOZ,"Armed forces personnel, total",MS.MIL.TOTL.P1,,,,,,,,,,,,,,,,,,,,,,,,,,15800,,,,65000,65000,65000,50000,50000,11000,12000,11000,6100,6100,6100,6100,11000,11000,8200,11000,11000,11000,11000,11000,11200,11200,11200,11200,11200,11200,11200,11200,11000,11200,11000,11000,10971.42857,10935.71429,10900
Mauritania,MRT,"Armed forces personnel, total",MS.MIL.TOTL.P1,,,,,,,,,,,,,,,,,,,,,,,,,,8500,,,,16000,17000,17000,16000,16000,11000,20700,20700,20650,20650,20650,20700,20600,20700,20700,20000,21000,21000,21000,21000,20870,20870,20850,20850,20850,20850,20850,20850,21000,20850,21000,21000,21021.42857,21048.21429,21075
Mauritius,MUS,"Armed forces personnel, total",MS.MIL.TOTL.P1,,,,,,,,,,,,,,,,,,,,,,,,,,1000,,,,1000,1000,1000,1000,1000,1000,1800,1800,1800,1800,1800,1800,1600,2000,2000,,2000,,2000,2000,2000,2000,2500,2500,2500,2500,2550,2550,3000,3000,3000,3000,3207.142857,3308.928571,3410.714286
Malawi,MWI,"Armed forces personnel, total",MS.MIL.TOTL.P1,,,,,,,,,,,,,,,,,,,,,,,,,,5300,,,,7000,7000,8000,10000,10000,10000,9500,10800,6000,6000,6000,6000,6800,6800,6800,6000,7000,7000,7000,7000,5300,5300,6800,6800,6800,6800,6800,14900,15000,14700,15000,15000,18428.57143,19885.71429,21342.85714
Malaysia,MYS,"Armed forces personnel, total",MS.MIL.TOTL.P1,,,,,,,,,,,,,,,,,,,,,,,,,,110000,,,,115000,130000,128000,128000,115000,115000,140300,140300,131600,130100,125100,116100,120600,120100,124100,130000,135000,134000,134000,134000,133600,133600,133600,133600,133600,133600,133600,133600,136000,136000,136000,136000,137028.5714,137542.8571,138057.1429
North America,NAC,"Armed forces personnel, total",MS.MIL.TOTL.P1,,,,,,,,,,,,,,,,,,,,,,,,,,2234600,,,,2328000,2267000,2206000,2002000,1896000,1795000,1711300,1651900,1606000,1663950,1644950,1523300,1486800,1528600,1541600,1544000,1617000,1562000,1619000,1604000,1629718,1635117,1585800,1558200,1498850,1451450,1414800,1415900,1431000,1452200,1460000,1467000,1466528.571,1472719.643,1478910.714
Namibia,NAM,"Armed forces personnel, total",MS.MIL.TOTL.P1,,,,,,,,,,,,,,,,,,,,,,,,,,,,,,,,8000,8000,8000,8000,8100,8200,5900,9100,9100,9100,15000,15000,15000,15000,15000,15000,15000,15000,15200,15200,15200,15200,15200,15200,15200,15900,16000,15900,16000,16000,16314.28571,16457.14286,16600
New Caledonia,NCL,"Armed forces personnel, total",MS.MIL.TOTL.P1,,,,,,,,,,,,,,,,,,,,,,,,,,,,,,,,,,,,,,,,,,,,,,,,,,,,,,,,,,,,,,,,
Niger,NER,"Armed forces personnel, total",MS.MIL.TOTL.P1,,,,,,,,,,,,,,,,,,,,,,,,,,2200,,,,4000,5000,5000,5000,5000,5000,10700,10700,10700,10700,10700,10700,10700,10700,10700,10000,10000,10000,10000,10000,10700,10700,10700,10700,10700,10700,10700,10700,10000,10300,10000,10000,9785.714286,9646.428571,9507.142857
Nigeria,NGA,"Armed forces personnel, total",MS.MIL.TOTL.P1,,,,,,,,,,,,,,,,,,,,,,,,,,94000,,,,107000,94000,94000,76000,76000,80000,89100,89100,107000,107000,124000,106500,160500,160500,160500,160000,161000,162000,162000,162000,162000,162000,162000,162000,162000,162000,200000,200000,215000,223000,223000,223000,242571.4286,251571.4286,260571.4286
Nicaragua,NIC,"Armed forces personnel, total",MS.MIL.TOTL.P1,,,,,,,,,,,,,,,,,,,,,,,,,,62900,,,,65000,28000,20000,15000,15000,14000,12000,17000,17000,17000,16000,16000,16000,14000,14000,14000,14000,14000,14000,12000,12000,12000,12000,12000,12000,12000,12000,12000,12000,12000,12000,12000,12000,12000,12000
Netherlands,NLD,"Armed forces personnel, total",MS.MIL.TOTL.P1,,,,,,,,,,,,,,,,,,,,,,,,,,105500,,,,106000,104000,104000,90000,86000,77000,78000,66700,60800,60780,60000,57100,55600,52900,59900,53000,60000,46000,41000,47000,43279,43279,43300,43300,43300,41900,41310,41310,41000,41410,41000,41000,40815.71429,40700.71429,40585.71429
Norway,NOR,"Armed forces personnel, total",MS.MIL.TOTL.P1,,,,,,,,,,,,,,,,,,,,,,,,,,37000,,,,43000,51000,41000,36000,32000,33000,30700,30700,34300,28870,31000,27000,26700,26600,26600,25000,47000,16000,19000,19000,26450,24450,24450,25800,25800,25800,24950,23950,23000,23250,23000,25000,23135.71429,22885.71429,22635.71429
Nepal,NPL,"Armed forces personnel, total",MS.MIL.TOTL.P1,,,,,,,,,,,,,,,,,,,,,,,,,,25000,,,,35000,35000,35000,35000,35000,35000,63000,71000,86000,90000,90000,90000,86000,91000,103000,131000,131000,131000,131000,131000,157753,157753,157750,157750,157750,157750,158600,158600,112000,111600,112000,112000,92157.14286,82248.21429,72339.28571
Nauru,NRU,"Armed forces personnel, total",MS.MIL.TOTL.P1,,,,,,,,,,,,,,,,,,,,,,,,,,,,,,,,,,,,,,,,,,,,,,,,,,,,,,,,,,,,,,,,
New Zealand,NZL,"Armed forces personnel, total",MS.MIL.TOTL.P1,,,,,,,,,,,,,,,,,,,,,,,,,,12400,,,,12000,11000,11000,11000,11000,10000,10100,9870,9550,9550,9530,9200,9200,8700,8600,8000,9000,9000,9000,9000,9673,9673,8550,8550,8500,8500,8950,9000,9000,9400,9000,10000,9835.714286,10014.28571,10192.85714
OECD members,OED,"Armed forces personnel, total",MS.MIL.TOTL.P1,,,,,,,,,,,,,,,,,,,,,,,,,,7375800,,,,8015000,7914000,7815000,7392000,7265000,7269000,7361800,7269620,7195290,7188990,7077470,6733900,6519900,6532200,6524100,6320112,6573112,6406242,6422242,6423342,6348656,6375125,6234850,6235724,6156570,6080920,5955250,5968960,5950000,5953405,5936000,5861000,5855960,5830466.607,5804973.214
Oman,OMN,"Armed forces personnel, total",MS.MIL.TOTL.P1,,,,,,,,,,,,,,,,,,,,,,,,,,29200,,,,29000,32000,29000,35000,35000,35000,47900,47900,47900,47900,47900,47900,47800,46100,46100,45000,46000,47000,47000,47000,47000,47000,47000,47000,47000,47000,47000,47000,47000,46600,47000,47000,46885.71429,46871.42857,46857.14286
Other small states,OSS,"Armed forces personnel, total",MS.MIL.TOTL.P1,,,,,,,,,,,,,,,,,,,,,,,,,,,,,,76000,77000,86000,90000,82000,80000,126150,128550,124140,135230,136450,129500,126900,129400,131800,119450,127000,,137330,135330,133298,135461,135310,135290,135310,135310,132430,148960,144000,149470,148000,145000,151984.2857,154152.8571,156321.4286
Pakistan,PAK,"Armed forces personnel, total",MS.MIL.TOTL.P1,,,,,,,,,,,,,,,,,,,,,,,,,,482800,,,,520000,550000,565000,580000,580000,580000,846000,835000,834000,834000,834000,900000,908000,909000,909000,921000,921000,923000,921000,921000,921000,946000,946000,947800,947800,925800,935800,935800,936000,944800,943000,943000,948457.1429,951135.7143,953814.2857
Panama,PAN,"Armed forces personnel, total",MS.MIL.TOTL.P1,,,,,,,,,,,,,,,,,,,,,,,,,,12000,,,,14000,11000,12000,11000,11000,11000,11800,11800,11800,11800,11800,11800,11800,11800,11800,,12000,12000,12000,12000,12000,12000,12000,12000,12000,12000,22050,22050,26000,26000,28000,28000,32564.28571,34844.64286,37125
Peru,PER,"Armed forces personnel, total",MS.MIL.TOTL.P1,,,,,,,,,,,,,,,,,,,,,,,,,,128000,,,,110000,125000,123000,112000,112000,112000,177600,193600,203000,203000,193000,193000,177000,187000,177000,157000,157000,198000,198000,191000,192000,192000,192000,192000,192000,158000,158000,158000,158000,158000,158000,158000,158000,158000,158000
Philippines,PHL,"Armed forces personnel, total",MS.MIL.TOTL.P1,,,,,,,,,,,,,,,,,,,,,,,,,,114800,,,,112000,109000,107000,107000,107000,104000,149000,150000,153000,160300,152500,148500,151000,150000,150000,146000,147000,147000,147000,147000,165500,165500,165500,165500,165500,165500,165500,165500,153000,153350,155000,157000,150885.7143,148791.0714,146696.4286
Palau,PLW,"Armed forces personnel, total",MS.MIL.TOTL.P1,,,,,,,,,,,,,,,,,,,,,,,,,,,,,,,,,,,,,,,,,,,,,,,,,,,,,,,,,,,,,,,,
Papua New Guinea,PNG,"Armed forces personnel, total",MS.MIL.TOTL.P1,,,,,,,,,,,,,,,,,,,,,,,,,,3200,,,,3000,4000,4000,4000,,4000,3800,3700,4300,4300,4300,4400,4400,3100,3100,3000,3000,3000,3000,3000,3100,3100,3100,1900,1900,1900,1900,3600,4000,3600,4000,4000,4785.714286,5160.714286,5535.714286
Poland,POL,"Armed forces personnel, total",MS.MIL.TOTL.P1,,,,,,,,,,,,,,,,,,,,,,,,,,319000,,,,350000,313000,305000,270000,260000,255000,302000,272900,265150,264050,264050,238800,228000,184400,184400,162000,162000,148000,142000,143000,121400,121400,118050,172700,172700,172700,172700,178400,191000,196700,189000,189000,198471.4286,202035.7143,205600
Pre-demographic dividend,PRE,"Armed forces personnel, total",MS.MIL.TOTL.P1,,,,,,,,,,,,,,,,,,,,,,,,,,1594830,,,,1843000,2286000,1351000,1225000,1263000,1228000,1927750,1967450,1994020,2028450,2019250,2003000,1606400,1665950,1730900,1325800,1399800,,1602000,1865000,2117580,2433010,2647050,2662350,2000100,2045650,2087100,1970980,1966000,2087200,2204000,1991000,2076857.143,2083502.5,2090147.857
Puerto Rico,PRI,"Armed forces personnel, total",MS.MIL.TOTL.P1,,,,,,,,,,,,,,,,,,,,,,,,,,,,,,,,,,,,,,,,,,,,,,,,,,,,,,,,,,,,,,,,
"Korea, Peoples Republic of",PRK,"Armed forces personnel, total",MS.MIL.TOTL.P1,,,,,,,,,,,,,,,,,,,,,,,,,,838000,,,,1040000,1200000,1200000,1200000,1100000,1100000,1243000,1169000,1244000,1244000,1244000,1244000,1271000,1271000,1271000,1295000,1295000,1295000,1295000,1295000,1379000,1379000,1379000,1379000,1379000,1379000,1379000,1469000,1469000,1469000,1469000,1469000,1507571.429,1523642.857,1539714.286
Portugal,PRT,"Armed forces personnel, total",MS.MIL.TOTL.P1,,,,,,,,,,,,,,,,,,,,,,,,,,73000,,,,104000,87000,86000,80000,68000,122000,104000,104000,100200,94500,90600,90500,90000,90000,92600,91000,93000,91000,91000,91000,91040,90334,90300,90300,79850,78100,73600,74500,52000,52250,52000,52000,41528.57143,36394.64286,31260.71429
Paraguay,PRY,"Armed forces personnel, total",MS.MIL.TOTL.P1,,,,,,,,,,,,,,,,,,,,,,,,,,14400,,,,16000,16000,16000,16000,16000,16000,28300,35000,35000,35000,35000,35000,33400,33400,33400,24000,25000,26000,26000,26000,25450,25450,25450,25450,25450,25450,25450,25450,27000,28950,29000,29000,30221.42857,30980.35714,31739.28571
West Bank and Gaza,PSE,"Armed forces personnel, total",MS.MIL.TOTL.P1,,,,,,,,,,,,,,,,,,,,,,,,,,,,,,,,,,,,,,,,,,,,,,56000,56000,56000,56000,56000,56000,56000,56000,,,,,,,0,0,0,0,0
Pacific island small states,PSS,"Armed forces personnel, total",MS.MIL.TOTL.P1,,,,,,,,,,,,,,,,,,,,,,,,,,,,,,,,,,,,,,,,,,,,,,,,,,,,,,,,,,,,,,,,
Post-demographic dividend,PST,"Armed forces personnel, total",MS.MIL.TOTL.P1,,,,,,,,,,,,,,,,,,,,,,,,,,6328500,,,,6838000,6725000,6582000,6829000,6528000,6346000,6737300,6687620,6413720,6404740,6262740,5889500,5825400,5865600,5776400,5504892,5748892,5367892,5370892,5364212,5225599,5253651,5078206,5019630,4835880,4829030,4829110,4842020,4755000,4722865,4748000,4708000,4684222.857,4661206.25,4638189.643
French Polynesia,PYF,"Armed forces personnel, total",MS.MIL.TOTL.P1,,,,,,,,,,,,,,,,,,,,,,,,,,,,,,,,,,,,,,,,,,,,,,,,,,,,,,,,,,,,,,,,
Qatar,QAT,"Armed forces personnel, total",MS.MIL.TOTL.P1,,,,,,,,,,,,,,,,,,,,,,,,,,6000,,,,7000,11000,11000,8000,8000,10000,11100,11800,11800,11800,11800,12300,12300,12400,12400,12000,12000,12000,12000,12000,11800,11800,11800,11800,11800,11800,11800,21500,22000,21500,22000,22000,26228.57143,28050,29871.42857
Romania,ROU,"Armed forces personnel, total",MS.MIL.TOTL.P1,,,,,,,,,,,,,,,,,,,,,,,,,,189500,,,,207000,126000,201000,172000,200000,200000,296500,307500,306050,295550,282900,282900,178900,179100,177100,176000,177000,154000,153000,153000,151645,153800,151300,151300,151300,151300,150400,149200,126000,126600,126000,128000,116600,111553.5714,106507.1429
Russia,RUS,"Armed forces personnel, total",MS.MIL.TOTL.P1,,,,,,,,,,,,,,,,,,,,,,,,,,,,,,,,,1900000,1500000,1400000,1800000,1622000,1823000,1702000,1482100,1427100,1386200,1397200,1369700,1452000,1452000,1446000,1476000,1476000,1495000,1430000,1364000,1364000,1260000,1287000,1490000,1454000,1454000,1454000,1454000,1454000,1496571.429,1511892.857,1527214.286
Rwanda,RWA,"Armed forces personnel, total",MS.MIL.TOTL.P1,,,,,,,,,,,,,,,,,,,,,,,,,,5200,,,,6000,6000,30000,30000,30000,30000,47000,40000,62000,54000,54000,76000,79000,80000,61000,53000,53000,,35000,35000,35000,35000,35000,35000,35000,35000,35000,35000,35000,35000,35000,35000,35000,35000,35000
South Asia,SAS,"Armed forces personnel, total",MS.MIL.TOTL.P1,,,,,,,,,,,,,,,,,,,,,,,,,,1930700,,,,1995000,2028000,2132000,2152000,2152000,2158000,3851500,3955400,3985900,3996900,4009500,4113600,3756500,3954400,3986300,4186000,4578000,4121000,4113000,4162000,4404137,4480192,4535300,4616450,4629950,4586100,4698750,4924600,4940000,4899850,4922000,4832000,4994678.571,5036087.5,5077496.429
Saudi Arabia,SAU,"Armed forces personnel, total",MS.MIL.TOTL.P1,,,,,,,,,,,,,,,,,,,,,,,,,,62500,,,,82000,146000,191000,172000,172000,164000,177500,178500,178000,178000,178000,217000,217200,215000,215000,214000,216000,240000,238000,238000,249000,249000,249000,249000,251500,251500,251500,251500,252000,252000,252000,282000,269357.1429,272678.5714,276000
Sudan,SDN,"Armed forces personnel, total",MS.MIL.TOTL.P1,,,,,,,,,,,,,,,,,,,,,,,,,,56600,,,,65000,65000,65000,82000,82000,82000,133500,104000,94700,109700,109700,119500,124000,124000,114500,121000,123000,,127000,127000,126800,126800,264300,264300,264300,264300,264300,124300,124000,124300,124000,144000,75385.71429,52475,29564.28571
Senegal,SEN,"Armed forces personnel, total",MS.MIL.TOTL.P1,,,,,,,,,,,,,,,,,,,,,,,,,,10100,,,,15000,18000,18000,18000,18000,14000,17400,17400,17350,17000,17000,15400,15600,15200,18600,18000,19000,19000,19000,19000,18620,18620,18600,18600,18600,18600,18600,18600,19000,18600,19000,19000,19057.14286,19128.57143,19200
Singapore,SGP,"Armed forces personnel, total",MS.MIL.TOTL.P1,,,,,,,,,,,,,,,,,,,,,,,,,,55000,,,,56000,56000,56000,56000,56000,56000,65500,65500,178000,180500,181000,168500,154500,156800,168800,165000,167000,167000,167000,167000,147500,147500,147600,147600,147600,147600,147600,147600,81000,59000,59000,59000,24171.42857,5185.714286,-13800
Solomon Islands,SLB,"Armed forces personnel, total",MS.MIL.TOTL.P1,,,,,,,,,,,,,,,,,,,,,,,,,,,,,,,,,,,,,,,,,,,,,,,,,,,,,,,,,,,,,,,,
Sierra Leone,SLE,"Armed forces personnel, total",MS.MIL.TOTL.P1,,,,,,,,,,,,,,,,,,,,,,,,,,3100,,,,4000,5000,5000,8000,5000,5000,7000,15000,15800,5800,3800,3800,6000,13000,13000,13000,13000,11000,11000,11000,10500,10500,10500,10500,10500,8500,8500,8500,9000,8500,9000,9000,9071.428571,9160.714286,9250
El Salvador,SLV,"Armed forces personnel, total",MS.MIL.TOTL.P1,,,,,,,,,,,,,,,,,,,,,,,,,,41700,,,,45000,55000,60000,49000,49000,30000,38500,40400,40400,36600,36600,28800,28800,28800,27500,15000,16000,28000,33000,33000,32500,32500,32300,32300,32300,41500,41500,41500,42000,41500,42000,42000,42071.42857,42160.71429,42250
San Marino,SMR,"Armed forces personnel, total",MS.MIL.TOTL.P1,,,,,,,,,,,,,,,,,,,,,,,,,,,,,,,,,,,,,,,,,,,,,,,,,,,,,,,,,,,,,,,,
Somalia,SOM,"Armed forces personnel, total",MS.MIL.TOTL.P1,,,,,,,,,,,,,,,,,,,,,,,,,,62700,,,,47000,47000,,,,,225000,225000,225000,225000,50000,50000,,,,,,,,,2000,2000,3200,20000,11000,17000,19800,19800,20000,19800,20000,14000,17400,17092.85714,16785.71429
Serbia,SRB,"Armed forces personnel, total",MS.MIL.TOTL.P1,,,,,,,,,,,,,,,,,,,,,,,,,,,,,,225000,180000,169000,137000,100000,130000,164500,151900,152200,152200,146700,135700,198500,124500,109200,110000,110000,24000,24000,24000,29125,29125,28150,28150,28150,28150,28150,31850,32000,32150,32000,32000,33692.85714,34391.07143,35089.28571
Sub-Saharan Africa (excluding high income),SSA,"Armed forces personnel, total",MS.MIL.TOTL.P1,,,,,,,,,,,,,,,,,,,,,,,,,,949630,,,,1238000,1256000,1148000,1083000,1121000,1062000,1697000,1658300,1623210,1641000,1704300,1724700,1642300,1608750,1543300,1499800,1533800,,1526000,1531000,1555161,1676531,1857952,1859970,1845070,1886170,1915470,1795700,1790000,1843050,1951000,1732000,1795612.857,1783323.571,1771034.286
South Sudan,SSD,"Armed forces personnel, total",MS.MIL.TOTL.P1,,,,,,,,,,,,,,,,,,,,,,,,,,,,,,,,,,,,,,,,,,,,,,,,,,,140000,210000,210000,185000,185000,185000,185000,185000,185000,185000,53000,109571.4286,95428.57143,81285.71429
Sub-Saharan Africa,SSF,"Armed forces personnel, total",MS.MIL.TOTL.P1,,,,,,,,,,,,,,,,,,,,,,,,,,950830,,,,1238000,1256000,1148000,1083000,1121000,1062000,1698300,1659600,1623660,1641450,1704800,1725200,1642800,1609550,1544100,1500450,1534250,,1526450,1531450,1555811,1677181,1858822,1860810,1845910,1887010,1916310,1796540,1790000,1843470,1951000,1732000,1795372.857,1782918.571,1770464.286
Small states,SST,"Armed forces personnel, total",MS.MIL.TOTL.P1,,,,,,,,,,,,,,,,,,,,,,,,,,76930,,,,94000,96000,105000,105000,97000,94000,149350,152550,147970,159470,160430,153700,146300,146500,148700,132090,144640,,155970,154330,150821,152984,151320,151300,151870,154790,152360,169390,165000,172160,173000,170000,178054.2857,181257.1429,184460
Sao Tome and Principe,STP,"Armed forces personnel, total",MS.MIL.TOTL.P1,,,,,,,,,,,,,,,,,,,,,,,,,,,,,,1000,1000,1000,1000,1000,1000,1000,1000,1000,1000,1000,,,,,,,,,,,,,,,,,,,,,,,,
Suriname,SUR,"Armed forces personnel, total",MS.MIL.TOTL.P1,,,,,,,,,,,,,,,,,,,,,,,,,,2000,,,,4000,4000,4000,2000,2000,2000,1800,1800,1800,1800,1800,2000,2000,2000,1800,1000,2000,2000,2000,2000,1840,1840,1840,1840,1940,1940,1940,1940,2000,1840,2000,2000,1980,1987.142857,1994.285714
Slovakia,SVK,"Armed forces personnel, total",MS.MIL.TOTL.P1,,,,,,,,,,,,,,,,,,,,,,,,,,,,,,,,,,33000,47000,51000,46600,45150,48050,47480,41200,37700,30900,22000,20000,20000,17000,17000,17000,16531,15799,15850,15850,15850,15850,15850,15850,16000,15850,16000,18000,17164.28571,17405.35714,17646.42857
Slovenia,SVN,"Armed forces personnel, total",MS.MIL.TOTL.P1,,,,,,,,,,,,,,,,,,,,,,,,,,,,,,,,,15000,12000,17000,12900,14050,14050,14050,14050,13500,12100,13500,11000,10000,12000,11000,12000,12000,12100,12100,12100,13550,13550,13550,13200,13200,7000,7250,7000,7000,4314.285714,2957.142857,1600
Sweden,SWE,"Armed forces personnel, total",MS.MIL.TOTL.P1,,,,,,,,,,,,,,,,,,,,,,,,,,65700,,,,62000,65000,63000,70000,70000,70000,99600,98200,88950,88700,88700,88300,69500,69500,63200,27600,28600,24600,17600,17600,21870,21163,21300,16100,16100,30550,30550,30550,30000,15150,15000,15000,10521.42857,7194.642857,3867.857143
Swaziland,SWZ,"Armed forces personnel, total",MS.MIL.TOTL.P1,,,,,,,,,,,,,,,,,,,,,,,,,,,,,,4000,3000,3000,3000,3000,3000,3000,3000,3000,3000,3000,,,,,,,,,,,,,,,,,,,,,,,,
Sint Maarten (Dutch part),SXM,"Armed forces personnel, total",MS.MIL.TOTL.P1,,,,,,,,,,,,,,,,,,,,,,,,,,,,,,,,,,,,,,,,,,,,,,,,,,,,,,,,,,,,,,,,
Seychelles,SYC,"Armed forces personnel, total",MS.MIL.TOTL.P1,,,,,,,,,,,,,,,,,,,,,,,,,,1200,,,,,,,,,,1300,1300,450,450,500,500,500,800,800,650,450,,450,450,650,650,870,840,840,840,840,840,0,420,0,0,-240,-405,-570
Syria,SYR,"Armed forces personnel, total",MS.MIL.TOTL.P1,,,,,,,,,,,,,,,,,,,,,,,,,,402500,,,,400000,408000,408000,408000,408000,320000,531000,529000,428000,428000,424000,424800,429000,427000,427000,415000,416000,401000,401000,401000,403000,403000,178000,178000,178000,280500,277500,307500,239000,257500,269000,269000,256928.5714,253303.5714,249678.5714
Turks and Caicos Islands,TCA,"Armed forces personnel, total",MS.MIL.TOTL.P1,,,,,,,,,,,,,,,,,,,,,,,,,,,,,,,,,,,,,,,,,,,,,,,,,,,,,,,,,,,,,,,,
Chad,TCD,"Armed forces personnel, total",MS.MIL.TOTL.P1,,,,,,,,,,,,,,,,,,,,,,,,,,12200,,,,33000,50000,50000,38000,30000,40000,34850,34850,34850,34850,34850,34600,34900,34900,34800,34000,35000,,35000,35000,35030,34850,34850,34850,34850,39850,39850,39850,35000,32850,45000,45000,42307.14286,42976.78571,43646.42857
East Asia & Pacific (IDA & IBRD countries),TEA,"Armed forces personnel, total",MS.MIL.TOTL.P1,,,,,,,,,,,,,,,,,,,,,,,,,,5978800,,,,6340000,5793000,5527000,5306000,5159000,4882000,6777900,6817800,6243950,6458150,6438850,6549600,6312200,6363400,6410800,5857250,6361000,6240000,5520000,5522000,5599442,5626442,5775930,5801730,5802030,5802030,5652030,5505730,5498000,5497640,5340000,5292000,5203598.571,5126375.714,5049152.857
Europe & Central Asia (IDA & IBRD countries),TEC,"Armed forces personnel, total",MS.MIL.TOTL.P1,,,,,,,,,,,,,,,,,,,,,,,,,,,,,,,,,4207000,3651000,3688000,4729400,4549800,4740030,4616280,4363460,4194500,3918900,3764300,3659100,3536500,3556500,3331500,3352500,3354500,3344997,3281967,3136324,3182430,2978830,3102830,3256100,3250650,3247000,3257750,3263000,3270000,3309962.857,3328620.357,3347277.857
Togo,TGO,"Armed forces personnel, total",MS.MIL.TOTL.P1,,,,,,,,,,,,,,,,,,,,,,,,,,3600,,,,6000,8000,8000,8000,8000,8000,7800,7800,7750,7750,7750,7800,10300,10300,9300,8750,9750,9750,9750,9750,9300,9300,9300,9300,9300,9300,9300,9300,10000,9550,10000,10000,10171.42857,10305.35714,10439.28571
Thailand,THA,"Armed forces personnel, total",MS.MIL.TOTL.P1,,,,,,,,,,,,,,,,,,,,,,,,,,235300,,,,283000,283000,283000,283000,295000,290000,420500,393500,337000,377000,377000,416600,410000,419000,427200,419000,421000,420000,420000,421000,419560,419560,474550,453550,453550,453550,454550,454550,455000,454850,455000,455000,455435.7143,455633.9286,455832.1429
Tajikistan,TJK,"Armed forces personnel, total",MS.MIL.TOTL.P1,,,,,,,,,,,,,,,,,,,,,,,,,,,,,,,,,3000,3000,3000,18000,23500,10200,10200,10200,7200,7200,7200,7200,12000,13000,17000,17000,17000,16300,16300,16300,16300,16300,16300,16300,16300,17000,16800,17000,17000,17242.85714,17385.71429,17528.57143
Turkmenistan,TKM,"Armed forces personnel, total",MS.MIL.TOTL.P1,,,,,,,,,,,,,,,,,,,,,,,,,,,,,,,,,28000,28000,15000,11000,18000,18000,19000,19000,14500,17500,17500,29000,26000,26000,22000,22000,22000,22000,22000,22000,22000,22000,36500,36500,41500,42000,41500,42000,57000,52785.71429,55375,57964.28571
Latin America & the Caribbean (IDA & IBRD countries),TLA,"Armed forces personnel, total",MS.MIL.TOTL.P1,,,,,,,,,,,,,,,,,,,,,,,,,,1194400,,,,1296000,1290000,1266000,1268000,1268000,1247000,1987800,2013420,2045230,2019950,1982570,2006700,2035100,2039000,2062700,1990360,1999360,2207970,2336470,2321300,2367806,2367806,2370637,2394004,2407183,2544540,2580190,2605220,2678000,2726290,2709000,2661000,2747472.857,2773475.357,2799477.857
Timor Leste,TLS,"Armed forces personnel, total",MS.MIL.TOTL.P1,,,,,,,,,,,,,,,,,,,,,,,,,,,,,,,,,,,,,,,,,,,,,1000,,1000,1000,1000,1332,1332,1330,1330,1330,1330,1330,1330,2000,2200,2000,2000,2344.285714,2495,2645.714286
Middle East & North Africa (IDA & IBRD countries),TMN,"Armed forces personnel, total",MS.MIL.TOTL.P1,,,,,,,,,,,,,,,,,,,,,,,,,,3039400,,,,3175000,3381000,2490000,2417000,2417000,2366000,3124200,3341600,3406450,3377050,3386400,3378900,3223800,3223500,3242100,2885000,3067000,3376000,3233000,3449000,3535145,3555150,3331050,3343050,2718250,2727250,2724250,2754400,2707000,2904550,2956000,3083000,3076764.286,3136796.429,3196828.571
Tonga,TON,"Armed forces personnel, total",MS.MIL.TOTL.P1,,,,,,,,,,,,,,,,,,,,,,,,,,,,,,,,,,,,,,,,,,,,,,,,,,,,,,,,,,,,,,,,
South Asia (IDA & IBRD),TSA,"Armed forces personnel, total",MS.MIL.TOTL.P1,,,,,,,,,,,,,,,,,,,,,,,,,,1930700,,,,1995000,2028000,2132000,2152000,2152000,2158000,3851500,3955400,3985900,3996900,4009500,4113600,3756500,3954400,3986300,4186000,4578000,4121000,4113000,4162000,4404137,4480192,4535300,4616450,4629950,4586100,4698750,4924600,4940000,4899850,4922000,4832000,4994678.571,5036087.5,5077496.429
Sub-Saharan Africa (IDA & IBRD countries),TSS,"Armed forces personnel, total",MS.MIL.TOTL.P1,,,,,,,,,,,,,,,,,,,,,,,,,,950830,,,,1238000,1256000,1148000,1083000,1121000,1062000,1698300,1659600,1623660,1641450,1704800,1725200,1642800,1609550,1544100,1500450,1534250,,1526450,1531450,1555811,1677181,1858822,1860810,1845910,1887010,1916310,1796540,1790000,1843470,1951000,1732000,1795372.857,1782918.571,1770464.286
Trinidad and Tobago,TTO,"Armed forces personnel, total",MS.MIL.TOTL.P1,,,,,,,,,,,,,,,,,,,,,,,,,,2100,,,,2000,2000,2000,2000,2000,2000,6900,6900,6900,7400,7500,7500,2700,2700,2700,2000,3000,3000,4000,4000,4063,4063,4050,4050,4050,4050,4050,4050,4000,4050,5000,5000,4992.857143,5162.5,5332.142857
Tunisia,TUN,"Armed forces personnel, total",MS.MIL.TOTL.P1,,,,,,,,,,,,,,,,,,,,,,,,,,35100,,,,40000,35000,35000,35000,35000,35000,58500,58000,47000,47000,47000,47000,47000,47000,47000,47000,47000,48000,48000,48000,47800,47800,47800,47800,47800,47800,47800,47800,48000,47800,48000,48000,48028.57143,48064.28571,48100
Turkey,TUR,"Armed forces personnel, total",MS.MIL.TOTL.P1,,,,,,,,,,,,,,,,,,,,,,,,,,630000,,,,780000,769000,804000,704000,686000,811000,690000,707200,821200,821200,841200,827700,665100,664800,664800,616000,617000,612000,612000,613000,612800,612800,612800,612800,612800,612800,512000,512000,512000,512200,512000,512000,483257.1429,472464.2857,461671.4286
Tuvalu,TUV,"Armed forces personnel, total",MS.MIL.TOTL.P1,,,,,,,,,,,,,,,,,,,,,,,,,,,,,,,,,,,,,,,,,,,,,,,,,,,,,,,,,,,,,,,,
"Tanzania, United Republic of",TZA,"Armed forces personnel, total",MS.MIL.TOTL.P1,,,,,,,,,,,,,,,,,,,,,,,,,,40400,,,,40000,40000,40000,46000,46000,50000,36000,36000,36000,35400,35400,35400,28400,28400,28400,28000,28000,,28000,28000,28400,28400,28400,28400,28400,28400,28400,28400,28000,28000,28000,28000,27828.57143,27742.85714,27657.14286
Uganda,UGA,"Armed forces personnel, total",MS.MIL.TOTL.P1,,,,,,,,,,,,,,,,,,,,,,,,,,20000,,,,40000,60000,60000,70000,70000,60000,51500,51500,46500,41500,41500,50600,56800,56800,61800,55000,47000,,47000,47000,46800,46800,46800,46800,46800,46800,46400,46400,46000,46000,46000,46000,45714.28571,45585.71429,45457.14286
Ukraine,UKR,"Armed forces personnel, total",MS.MIL.TOTL.P1,,,,,,,,,,,,,,,,,,,,,,,,,,,,,,,,,430000,380000,350000,518500,466800,453400,449400,428000,420400,419800,414800,403000,271000,273000,215000,215000,215000,214825,214825,214850,214850,121500,204000,256000,292000,297000,297000,311000,298000,336000,350178.5714,364357.1429
Upper middle income,UMC,"Armed forces personnel, total",MS.MIL.TOTL.P1,,,,,,,,,,,,,,,,,,,,,,,,,,7573200,,,,8199000,8148000,6921000,8791000,8146000,8110000,11091000,11051100,10610720,10748780,10373610,10393900,10142500,9983600,9937400,9760770,9869770,10209900,9345900,9548900,9764818,9766638,9800533,9833574,9070683,9136690,9113910,8920540,8928000,9115630,8941000,9034000,8961567.143,8945181.429,8928795.714
Uruguay,URY,"Armed forces personnel, total",MS.MIL.TOTL.P1,,,,,,,,,,,,,,,,,,,,,,,,,,31900,,,,27000,25000,25000,25000,25000,25000,26500,26520,26050,26520,26520,24600,24800,24800,24900,24920,24920,,25900,25900,25439,25439,25450,25450,25450,25450,25450,25450,22000,22100,22000,22000,20550,19814.28571,19078.57143
United States,USA,"Armed forces personnel, total",MS.MIL.TOTL.P1,,,,,,,,,,,,,,,,,,,,,,,,,,2151600,,,,2240000,2180000,2120000,1920000,1820000,1720000,1635600,1572100,1533300,1594000,1575000,1454800,1420700,1467000,1480000,1473000,1546000,1498000,1555000,1540000,1563996,1569417,1520100,1492200,1433150,1381250,1347300,1348400,1359000,1379800,1388000,1395000,1393257.143,1398758.929,1404260.714
Uzbekistan,UZB,"Armed forces personnel, total",MS.MIL.TOTL.P1,,,,,,,,,,,,,,,,,,,,,,,,,,,,,,,,,40000,41000,20000,41700,46000,86000,100000,94000,79100,72000,72000,72000,75000,91000,87000,87000,87000,87000,87000,68000,68000,68000,68000,68000,68000,68000,68000,68000,68000,68000,68000,68000
St. Vincent and the Grenadines,VCT,"Armed forces personnel, total",MS.MIL.TOTL.P1,,,,,,,,,,,,,,,,,,,,,,,,,,,,,,,,,,,,,,,,,,,,,,,,,,,,,,,,,,,,,,,,
Venezuela,VEN,"Armed forces personnel, total",MS.MIL.TOTL.P1,,,,,,,,,,,,,,,,,,,,,,,,,,49000,,,,75000,75000,73000,75000,75000,75000,80000,79000,79000,79000,79000,79000,105300,105300,105300,82000,82000,,115000,115000,115000,115000,115000,115000,115000,265000,265000,273000,343000,343000,343000,343000,376428.5714,392857.1429,409285.7143
British Virgin Islands,VGB,"Armed forces personnel, total",MS.MIL.TOTL.P1,,,,,,,,,,,,,,,,,,,,,,,,,,,,,,,,,,,,,,,,,,,,,,,,,,,,,,,,,,,,,,,,
Virgin Islands (U.S.),VIR,"Armed forces personnel, total",MS.MIL.TOTL.P1,,,,,,,,,,,,,,,,,,,,,,,,,,,,,,,,,,,,,,,,,,,,,,,,,,,,,,,,,,,,,,,,
Vietnam,VNM,"Armed forces personnel, total",MS.MIL.TOTL.P1,,,,,,,,,,,,,,,,,,,,,,,,,,1027000,,,,1250000,1050000,1040000,857000,857000,700000,622000,622000,557000,524000,524000,524000,524000,524000,524000,,495000,495000,495000,495000,495000,522000,522000,522000,522000,522000,522000,522000,522000,522000,522000,522000,522000,522000,522000
Vanuatu,VUT,"Armed forces personnel, total",MS.MIL.TOTL.P1,,,,,,,,,,,,,,,,,,,,,,,,,,,,,,,,,,,,,,,,,,,,,,,,,,,,,,,,,,,,,,,,
World,WLD,"Armed forces personnel, total",MS.MIL.TOTL.P1,,,,,,,,,,,,,,,,,,,,,,,,,,22209230,,,,24298000,23918000,22726000,24533000,23741000,23195000,30182200,30196640,29863220,29926660,29584140,29353100,28211700,28306950,28161400,27081142,28539442,27029682,27253882,27493342,27924096,28133971,28020079,28154374,27206623,27309630,27437280,27542350,27414000,27645315,27671000,27406000,27612155.71,27642852.68,27673549.64
Samoa,WSM,"Armed forces personnel, total",MS.MIL.TOTL.P1,,,,,,,,,,,,,,,,,,,,,,,,,,,,,,,,,,,,,,,,,,,,,,,,,,,,,,,,,,,,,,,,
Kosovo,XKX,"Armed forces personnel, total",MS.MIL.TOTL.P1,,,,,,,,,,,,,,,,,,,,,,,,,,,,,,,,,,,,,,,,,,,,,,,,,,,,,,,,,,,,,,,,
Yemen,YEM,"Armed forces personnel, total",MS.MIL.TOTL.P1,,,,,,,,,,,,,,,,,,,,,,,,,,64100,,,,62000,127000,127000,64000,64000,69000,69500,112000,146300,136300,136300,136300,124000,136500,136700,136000,138000,138000,138000,138000,137900,137900,137900,137900,137900,20000,20000,20000,40000,20000,40000,40000,42857.14286,46428.57143,50000
South Africa,ZAF,"Armed forces personnel, total",MS.MIL.TOTL.P1,,,,,,,,,,,,,,,,,,,,,,,,,,106400,,,,100000,85000,80000,75000,75000,75000,276900,277900,217440,211700,78150,71600,67000,60000,55700,55000,56000,103000,62000,62000,77153,77153,77582,62100,77150,82250,82150,81400,80000,89650,90000,89000,91235.71429,92814.28571,94392.85714
Zambia,ZMB,"Armed forces personnel, total",MS.MIL.TOTL.P1,,,,,,,,,,,,,,,,,,,,,,,,,,16200,,,,17000,16000,16000,16000,16000,16000,23000,23000,23000,23000,23000,23000,23000,23000,19500,16000,16000,16000,16000,16000,16500,16500,16500,16500,16500,16500,16500,16500,16000,16100,16000,16000,15814.28571,15710.71429,15607.14286
Zimbabwe,ZWE,"Armed forces personnel, total",MS.MIL.TOTL.P1,,,,,,,,,,,,,,,,,,,,,,,,,,41000,,,,51000,45000,45000,48000,48000,43000,67800,64800,60800,60800,60800,61800,60800,57800,50800,50000,51000,51000,51000,51000,50800,50800,50800,50800,50800,50800,50800,50800,51000,51000,51000,51000,51085.71429,51128.57143,51171.42857
